url,success,doi_found,abstract_found,doi,abstract,extraction_method,error,source,category,domain
http://technology.newscientist.com/article.ns?id=dn12576&amp;feedId=online-news_rss20,False,False,False,,,,"HTTPConnectionPool(host='technology.newscientist.com', port=80): Max retries exceeded with url: /article.ns?id=dn12576&amp;feedId=online-news_rss20 (Caused by NewConnectionError('<urllib3.connection.HTTPConnection object at 0x000001DF30DFF4C0>: Failed to establish a new connection: [Errno 11001] getaddrinfo failed'))",main_url,news,technology.newscientist.com
http://www.eetimes.com/news/latest/showArticle.jhtml?articleID=201803169,True,False,True,,"During the 15 years since it was launched, Renesas V850 architecture has become a dominant architecture in the automotive electronics area. This Product How-To describes the features, including a SIMD coprocessor, incorporated into the latest variant, the V850E2H.",GenericHandler,,main_url,news,eetimes.com
http://space.newscientist.com/channel/human-spaceflight/dn12485-commercial-space-station-to-launch-before-2010.html,False,False,False,,,,"HTTPConnectionPool(host='space.newscientist.com', port=80): Max retries exceeded with url: /channel/human-spaceflight/dn12485-commercial-space-station-to-launch-before-2010.html (Caused by NewConnectionError('<urllib3.connection.HTTPConnection object at 0x000001DF30E0C850>: Failed to establish a new connection: [Errno 11001] getaddrinfo failed'))",main_url,news,space.newscientist.com
http://abcnews.go.com/US/wireStory?id=3548224,False,False,False,,,,404 Client Error: Not Found for url: https://abcnews.go.com/US/wireStory?id=3548224,main_url,news,abcnews.go.com
http://www.opednews.com/articles/life_a_max_giro_070901_parents_3a_just_say_no.htm,True,False,True,,"Article: Parents: Just Say NO to Testing - Warning: School may be hazardous to our children's health.  Recess has been eliminated in many districts, music and art have been discontinued and 25% of school time is now spent on getting ready or taking the state wide tests.   Kindergarten is now the new first grade.  Parents can stop this immediately.",GenericHandler,,main_url,news,opednews.com
http://www.nytimes.com/2007/09/02/automobiles/02POWER.html?ex=1346385600&amp;en=e09fb2d938afb388&amp;ei=5090&amp;partner=rssuserland&amp;emc=rss,True,False,True,,Power failure? Some hybrid owners are plugging their houses into their cars to provide backup electricity.,GenericHandler,,main_url,news,nytimes.com
http://www.timesonline.co.uk/tol/news/uk/science/article2368681.ece,True,False,True,,"The latest UK and world news, business, sport and comment from The Times and The Sunday Times",GenericHandler,,main_url,news,timesonline.co.uk
http://www.timesonline.co.uk/tol/news/uk/science/article2368630.ece,True,False,True,,"The latest UK and world news, business, sport and comment from The Times and The Sunday Times",GenericHandler,,main_url,news,timesonline.co.uk
http://www.timesonline.co.uk/tol/news/world/europe/article2364434.ece#cid=OTC-RSS&amp;attr=797093,True,False,True,,"The latest UK and world news, business, sport and comment from The Times and The Sunday Times",GenericHandler,,main_url,news,timesonline.co.uk
http://allmedicalnews.com/medical_news/hypnosis_reduced_pain_after_effects_and_cost_of_breast_cancer_surgery.html,False,False,False,,,,404 Client Error: Not Found for url: http://allmedicalnews.com/medical_news/hypnosis_reduced_pain_after_effects_and_cost_of_breast_cancer_surgery.html,main_url,news,allmedicalnews.com
http://abcnews.go.com/Technology/wireStory?id=3540678,False,False,False,,,,404 Client Error: Not Found for url: https://abcnews.go.com/Technology/wireStory?id=3540678,main_url,news,abcnews.go.com
http://news.yahoo.com/s/ap/20070901/ap_on_fe_st/mythical_chupacabra;_ylt=AnxD0SSuQtMTeHJeSZlyBIvtiBIF,True,False,True,,The latest news and headlines from Yahoo News. Get breaking news stories and in-depth coverage with videos and photos.,GenericHandler,,main_url,news,news.yahoo.com
http://news.yahoo.com/s/kitv/20070902/lo_kitv/14031597,True,False,True,,The latest news and headlines from Yahoo News. Get breaking news stories and in-depth coverage with videos and photos.,GenericHandler,,main_url,news,news.yahoo.com
http://allmedicalnews.com/medical_news/taste_cells_that_are_specific_to_carbonation_found_in_fruit_flies.html,False,False,False,,,,404 Client Error: Not Found for url: http://allmedicalnews.com/medical_news/taste_cells_that_are_specific_to_carbonation_found_in_fruit_flies.html,main_url,news,allmedicalnews.com
http://news.bbc.co.uk/1/hi/health/4661366.stm,True,False,False,,,GenericHandler,,main_url,news,news.bbc.co.uk
http://news.mongabay.com/2007/0901-chupacabra.html,True,False,True,,Environmental science and conservation news,GenericHandler,,main_url,news,news.mongabay.com
http://www.reuters.com/article/newsOne/idUSN3126542220070902,False,False,False,,,,401 Client Error: HTTP Forbidden for url: https://www.reuters.com/article/newsOne/idUSN3126542220070902,main_url,news,reuters.com
http://abcnews.go.com/Technology/WhosCounting/Story?id=3543453&amp;page=1,True,False,True,,Course descriptions show some schools put math in a religious framework.,GenericHandler,,main_url,news,abcnews.go.com
http://www.timesonline.co.uk/tol/news/uk/science/article2381508.ece,True,False,True,,"The latest UK and world news, business, sport and comment from The Times and The Sunday Times",GenericHandler,,main_url,news,timesonline.co.uk
http://www.timesonline.co.uk/tol/news/world/asia/article2381520.ece,True,False,True,,"The latest UK and world news, business, sport and comment from The Times and The Sunday Times",GenericHandler,,main_url,news,timesonline.co.uk
http://physorg2.newscri.be/link/324761,False,False,False,,,,"HTTPConnectionPool(host='physorg2.newscri.be', port=80): Max retries exceeded with url: /link/324761 (Caused by NewConnectionError('<urllib3.connection.HTTPConnection object at 0x000001DF31A80F70>: Failed to establish a new connection: [Errno 11001] getaddrinfo failed'))",main_url,news,physorg2.newscri.be
http://news.bbc.co.uk/2/hi/americas/6955364.stm,True,False,False,,,GenericHandler,,main_url,news,news.bbc.co.uk
http://technology.newscientist.com/article/dn12585-warm-ice-layer-could-make-implants-biocompatible.html,False,False,False,,,,"HTTPConnectionPool(host='technology.newscientist.com', port=80): Max retries exceeded with url: /article/dn12585-warm-ice-layer-could-make-implants-biocompatible.html (Caused by NewConnectionError('<urllib3.connection.HTTPConnection object at 0x000001DF312AB0D0>: Failed to establish a new connection: [Errno 11001] getaddrinfo failed'))",main_url,news,technology.newscientist.com
http://www.nytimes.com/2007/09/01/books/01sack.html?ex=1346299200&amp;en=0f9abb47d0ef937e&amp;ei=5090&amp;partner=rssuserland&amp;emc=rss,True,False,True,,"Attracted by his breadth of interests, Columbia University has appointed Oliver Sacks, the neurologist and writer, as its first Columbia artist, a newly created designation.",GenericHandler,,main_url,news,nytimes.com
http://technology.newscientist.com/article.ns?id=mg19526192.800&amp;feedId=online-news_rss20,False,False,False,,,,"HTTPConnectionPool(host='technology.newscientist.com', port=80): Max retries exceeded with url: /article.ns?id=mg19526192.800&amp;feedId=online-news_rss20 (Caused by NewConnectionError('<urllib3.connection.HTTPConnection object at 0x000001DF31F04700>: Failed to establish a new connection: [Errno 11001] getaddrinfo failed'))",main_url,news,technology.newscientist.com
http://www.newvoyagenews.com/?p=211,True,False,True,,"New Voyage News was a site which promoted an age old human dream, to reach beyond our earthly constraints and to launch to space! It was a community based site for centralizing news about Space and Space Tourism. Content is from the site's 2007 archived pa",GenericHandler,,main_url,news,newvoyagenews.com
http://space.newscientist.com/article.ns?id=dn12588&amp;feedId=online-news_rss20,False,False,False,,,,"HTTPConnectionPool(host='space.newscientist.com', port=80): Max retries exceeded with url: /article.ns?id=dn12588&amp;feedId=online-news_rss20 (Caused by NewConnectionError('<urllib3.connection.HTTPConnection object at 0x000001DF31556860>: Failed to establish a new connection: [Errno 11001] getaddrinfo failed'))",main_url,news,space.newscientist.com
http://www.medinews.co.uk/Medicinerelated/FDA_Approves_Second-Generation_Smallpox_Vaccine/,False,False,False,,,,"HTTPConnectionPool(host='www.medinews.co.uk', port=80): Max retries exceeded with url: /Medicinerelated/FDA_Approves_Second-Generation_Smallpox_Vaccine/ (Caused by NewConnectionError('<urllib3.connection.HTTPConnection object at 0x000001DF3185E6E0>: Failed to establish a new connection: [Errno 11001] getaddrinfo failed'))",main_url,news,medinews.co.uk
http://romaniannewsy.blogspot.com/2007/09/woman-sees-own-heart-on-display.html,True,False,False,,,GenericHandler,,main_url,news,romaniannewsy.blogspot.com
http://romaniannewsy.blogspot.com/2007/09/woman-sees-own-heart-on-display.html,True,False,False,,,GenericHandler,,main_url,news,romaniannewsy.blogspot.com
http://tierneylab.blogs.nytimes.com/2007/09/03/are-you-listening-prime-designer-we-have-a-contest-winner-and-more/index.html,True,False,False,,,GenericHandler,,main_url,news,tierneylab.blogs.nytimes.com
http://www.opednews.com/articles/opedne_robert_d_070904_epa_urged_to_strengt.htm,True,False,True,,"Article: EPA Urged to Strengthen Ozone Standards to Protect the Most Vulnerable - Air pollution threatens the health of millions of Americans, especially those who live in urban areas. EPA's current ozone standard is not adequate to protect human health. The agency should come clean and set tougher new ozone standards at the lowest level to protect the most vulnerable in our society, including children and the elderly.",GenericHandler,,main_url,news,opednews.com
http://www.newvoyagenews.com/?p=224,True,False,True,,"New Voyage News was a site which promoted an age old human dream, to reach beyond our earthly constraints and to launch to space! It was a community based site for centralizing news about Space and Space Tourism. Content is from the site's 2007 archived pa",GenericHandler,,main_url,news,newvoyagenews.com
http://timesonline.typepad.com/photos/uncategorized/2007/08/30/dangerousliasons_2.gif,False,False,False,,,,403 Client Error: Forbidden for url: https://timesonline.typepad.com/photos/uncategorized/2007/08/30/dangerousliasons_2.gif,main_url,news,timesonline.typepad.com
http://newswire.rockefeller.edu/?page=engine&amp;id=654,False,False,False,,,,"HTTPConnectionPool(host='newswire.rockefeller.edu', port=80): Max retries exceeded with url: /?page=engine&amp;id=654 (Caused by NewConnectionError('<urllib3.connection.HTTPConnection object at 0x000001DF318F2B90>: Failed to establish a new connection: [Errno 11001] getaddrinfo failed'))",main_url,news,newswire.rockefeller.edu
http://www.news.wisc.edu/14067,True,False,False,,,GenericHandler,,main_url,news,news.wisc.edu
http://www-news.uchicago.edu/releases/07/070904.curlin.shtml,True,False,False,,,GenericHandler,,main_url,news,www-news.uchicago.edu
"http://www.earthtimes.org/articles/show/news_press_release,169722.shtml",False,False,False,,,,"404 Client Error: Not Found for url: https://earthtimes.org/articles/show/news_press_release,169722.shtml",main_url,news,earthtimes.org
http://environment.newscientist.com/article/dn12597-antarctic-pod-makes-way-for-green-research.html,False,False,False,,,,"HTTPConnectionPool(host='environment.newscientist.com', port=80): Max retries exceeded with url: /article/dn12597-antarctic-pod-makes-way-for-green-research.html (Caused by NewConnectionError('<urllib3.connection.HTTPConnection object at 0x000001DF318846A0>: Failed to establish a new connection: [Errno 11001] getaddrinfo failed'))",main_url,news,environment.newscientist.com
http://technology.newscientist.com/article.ns?id=mg19526192.300&amp;feedId=online-news_rss20,False,False,False,,,,"HTTPConnectionPool(host='technology.newscientist.com', port=80): Max retries exceeded with url: /article.ns?id=mg19526192.300&amp;feedId=online-news_rss20 (Caused by NewConnectionError('<urllib3.connection.HTTPConnection object at 0x000001DF31884280>: Failed to establish a new connection: [Errno 11001] getaddrinfo failed'))",main_url,news,technology.newscientist.com
http://www.newscientist.com/article.ns?id=mg19526204.800&amp;feedId=online-news_rss20,False,False,False,,,,410 Client Error: Gone for url: https://www.newscientist.com/article.ns/?amp;feedId=online-news_rss20&id=mg19526204.800,main_url,news,newscientist.com
http://news.bbc.co.uk/2/hi/health/6978384.stm,True,False,False,,,GenericHandler,,main_url,news,news.bbc.co.uk
http://news.scotsman.com/scitech.cfm?id=1395532007,False,False,False,,,,403 Client Error: Forbidden for url: https://www.scotsman.com/news,main_url,news,news.scotsman.com
http://news.webindia123.com/news/articles/Science/20070905/761562.html,False,False,False,,,,404 Client Error: Not Found for url: https://news.webindia123.com/news/articles/Science/20070905/761562.html,main_url,news,news.webindia123.com
http://news.com.com/8301-10784_3-9770535-7.html?part=rss&amp;subj=news&amp;tag=2547-1_3-0-20,True,False,True,,"For every website, everywhere®",GenericHandler,,main_url,news,news.com.com
http://news.yahoo.com/s/nm/20070905/sc_nm/eels_jaws_dc,True,False,True,,The latest news and headlines from Yahoo News. Get breaking news stories and in-depth coverage with videos and photos.,GenericHandler,,main_url,news,news.yahoo.com
http://technology.newscientist.com/article.ns?id=dn12586&amp;feedId=online-news_rss20,False,False,False,,,,"HTTPConnectionPool(host='technology.newscientist.com', port=80): Max retries exceeded with url: /article.ns?id=dn12586&amp;feedId=online-news_rss20 (Caused by NewConnectionError('<urllib3.connection.HTTPConnection object at 0x000001DF31FAF760>: Failed to establish a new connection: [Errno 11001] getaddrinfo failed'))",main_url,news,technology.newscientist.com
http://www.reuters.com/article/scienceNews/idUSN0538851520070905?feedType=RSS&amp;feedName=scienceNews,False,False,False,,,,401 Client Error: HTTP Forbidden for url: https://www.reuters.com/article/scienceNews/idUSN0538851520070905?feedType=RSS&amp;feedName=scienceNews,main_url,news,reuters.com
http://www.newscientist.com/article.ns?id=mg19526203.900&amp;feedId=online-news_rss20,False,False,False,,,,410 Client Error: Gone for url: https://www.newscientist.com/article.ns/?amp;feedId=online-news_rss20&id=mg19526203.900,main_url,news,newscientist.com
http://technology.newscientist.com/article/dn12602-thinking-of-words-can-guide-your-wheelchair-.html,False,False,False,,,,"HTTPConnectionPool(host='technology.newscientist.com', port=80): Max retries exceeded with url: /article/dn12602-thinking-of-words-can-guide-your-wheelchair-.html (Caused by NewConnectionError('<urllib3.connection.HTTPConnection object at 0x000001DF31898DC0>: Failed to establish a new connection: [Errno 11001] getaddrinfo failed'))",main_url,news,technology.newscientist.com
http://space.newscientist.com/article.ns?id=dn12600&amp;feedId=space_rss20,False,False,False,,,,"HTTPConnectionPool(host='space.newscientist.com', port=80): Max retries exceeded with url: /article.ns?id=dn12600&amp;feedId=space_rss20 (Caused by NewConnectionError('<urllib3.connection.HTTPConnection object at 0x000001DF31898B20>: Failed to establish a new connection: [Errno 11001] getaddrinfo failed'))",main_url,news,space.newscientist.com
http://www.ens-newswire.com/ens/sep2007/2007-09-05-01.asp,False,False,False,,,,404 Client Error: Not Found for url: https://ens-newswire.com/ens/sep2007/2007-09-05-01.asp,main_url,news,ens-newswire.com
http://www.newscientist.com/article/mg19526191.500-feedback.html,True,False,True,,Armageddon games WHY does NASA show the movie Armageddon as part of its management training programmes? We're talking about the thriller in which Bruce Willis saves the Earth by nuking an asteroid the size of Texas into dust just moments before it wipes out the home planet. If your first thought was that they're training &hellip;,GenericHandler,,main_url,news,newscientist.com
http://www.reuters.com/news/pictures/articleslideshow?articleId=USL0466082420070904&amp;start=1,False,False,False,,,,401 Client Error: HTTP Forbidden for url: https://www.reuters.com/news/pictures/articleslideshow?articleId=USL0466082420070904&amp;start=1,main_url,news,reuters.com
http://www.reuters.com/article/scienceNews/idUSN0635510520070906,False,False,False,,,,401 Client Error: HTTP Forbidden for url: https://www.reuters.com/article/scienceNews/idUSN0635510520070906,main_url,news,reuters.com
http://www.biologynews.net/archives/2007/09/06/virus_named_as_possible_factor_in_honey_bee_disorder.html,True,False,True,,honey_bee_worker_carrying_a_parasitic_varroa_mite_a_comparison_of_healthy_and_unhealthy_bee_colonies_points_to_a_virus_contributing_to_colony_collapse_disorder_ccd_according_to_a_report_being_published_by_the_journal_science_at_the_science_express,GenericHandler,,main_url,news,biologynews.net
http://www.bloomberg.com/apps/news?pid=20601081&amp;sid=a4GF7Gb41iUE&amp;refer=australia,True,False,True,,"Bloomberg delivers business and markets news, data, analysis, and video to the world, featuring stories from Businessweek and Bloomberg News on everything pertaining to politics",GenericHandler,,main_url,news,bloomberg.com
http://space.newscientist.com/article.ns?id=dn12604&amp;feedId=space_rss20,False,False,False,,,,"HTTPConnectionPool(host='space.newscientist.com', port=80): Max retries exceeded with url: /article.ns?id=dn12604&amp;feedId=space_rss20 (Caused by NewConnectionError('<urllib3.connection.HTTPConnection object at 0x000001DF318845B0>: Failed to establish a new connection: [Errno 11001] getaddrinfo failed'))",main_url,news,space.newscientist.com
http://space.newscientist.com/article.ns?id=dn12604&amp;feedId=online-news_rss20,False,False,False,,,,"HTTPConnectionPool(host='space.newscientist.com', port=80): Max retries exceeded with url: /article.ns?id=dn12604&amp;feedId=online-news_rss20 (Caused by NewConnectionError('<urllib3.connection.HTTPConnection object at 0x000001DF310FE5F0>: Failed to establish a new connection: [Errno 11001] getaddrinfo failed'))",main_url,news,space.newscientist.com
"http://www.theaustralian.news.com.au/story/0,25197,22374648-16947,00.html",False,False,False,,,,"HTTPConnectionPool(host='www.theaustralian.news.com.au', port=80): Max retries exceeded with url: /story/0,25197,22374648-16947,00.html (Caused by NewConnectionError('<urllib3.connection.HTTPConnection object at 0x000001DF310FEE00>: Failed to establish a new connection: [Errno 11001] getaddrinfo failed'))",main_url,news,theaustralian.news.com.au
http://www.newscientist.com/article/dn12605-virus-blamed-for-mysterious-disappearance-of-us-bees.html,True,True,True,10.1126/science.1146498),Droves of honeybees have been abandoning their hives in the US – now an imported virus has been linked to the bizarre behaviour,GenericHandler,,main_url,news,newscientist.com
http://www.timesonline.co.uk/tol/news/uk/science/article2402744.ece,True,False,True,,"The latest UK and world news, business, sport and comment from The Times and The Sunday Times",GenericHandler,,main_url,news,timesonline.co.uk
http://news.nationalgeographic.com/news/2007/09/070906-dinosaurs-birds.html,True,False,True,,"Explore National Geographic. A world leader in geography, cartography and exploration.",GenericHandler,,main_url,news,news.nationalgeographic.com
http://www.ebiologynews.com/2728.html,False,False,False,,,,403 Client Error: Forbidden for url: https://www.ebiologynews.com/2728.html,main_url,news,ebiologynews.com
http://technology.newscientist.com/article/dn12603-muscular-films-promise-bodyparts-and-biomachines.html,False,False,False,,,,"HTTPConnectionPool(host='technology.newscientist.com', port=80): Max retries exceeded with url: /article/dn12603-muscular-films-promise-bodyparts-and-biomachines.html (Caused by NewConnectionError('<urllib3.connection.HTTPConnection object at 0x000001DF31062230>: Failed to establish a new connection: [Errno 11001] getaddrinfo failed'))",main_url,news,technology.newscientist.com
http://thelede.blogs.nytimes.com/2007/09/07/babies-and-chimps-compete-in-mental-olympics/index.html?ex=1346817600&amp;en=f5a7a4d6468ec875&amp;ei=5088&amp;partner=rssnyt&amp;emc=rss,True,False,True,,"106 chimpanzees, 32 orangutans and 105 babies face “The Primate Cognition Test Battery.”",GenericHandler,,main_url,news,thelede.blogs.nytimes.com
http://www.washingtonpost.com/ac2/wp-dyn?pagename=article&amp;contentId=A46648-2001Dec31,False,False,False,,,,"HTTPConnectionPool(host='www.washingtonpost.com', port=80): Read timed out. (read timeout=30)",main_url,news,washingtonpost.com
http://www.nytimes.com/2007/09/08/science/earth/08polar.html?ex=1346904000&amp;en=03651c442a2e361b&amp;ei=5090&amp;partner=rssuserland&amp;emc=rss,True,False,True,,"Shrinking polar ice caps will cause at least two-thirds of the world’s polar bears to disappear by 2050, government scientists reported on Friday. ",GenericHandler,,main_url,news,nytimes.com
http://news.yahoo.com/s/ap/20070908/ap_on_he_me/nail_biting,True,False,True,,The latest news and headlines from Yahoo News. Get breaking news stories and in-depth coverage with videos and photos.,GenericHandler,,main_url,news,news.yahoo.com
http://www.nytimes.com/2007/09/06/health/research/06hyper.html?ex=1346731200&amp;en=dbf718c298c91c04&amp;ei=5090&amp;partner=rssuserland&amp;emc=rss,True,False,True,,A new study confirms a link between common food additives and colorings and increased hyperactive behavior in children.,GenericHandler,,main_url,news,nytimes.com
http://edition.cnn.com/2007/TECH/science/09/07/low.ice.ap/index.html,False,False,False,,,,404 Client Error: OK for url: https://edition.cnn.com/2007/TECH/science/09/07/low.ice.ap/index.html,main_url,news,edition.cnn.com
http://news.yahoo.com/s/ap/20070908/ap_on_re_us/chipping_america_ii,True,False,True,,The latest news and headlines from Yahoo News. Get breaking news stories and in-depth coverage with videos and photos.,GenericHandler,,main_url,news,news.yahoo.com
http://news.bbc.co.uk/2/hi/uk_news/scotland/edinburgh_and_east/6983384.stm,True,False,False,,,GenericHandler,,main_url,news,news.bbc.co.uk
http://www.timesonline.co.uk/tol/news/uk/science/article2413310.ece#cid=OTC-RSS&amp;attr=797093,True,False,True,,"The latest UK and world news, business, sport and comment from The Times and The Sunday Times",GenericHandler,,main_url,news,timesonline.co.uk
http://www.washingtonpost.com/wp-dyn/content/article/2007/09/08/AR2007090800997_pf.html,False,False,False,,,,"HTTPConnectionPool(host='www.washingtonpost.com', port=80): Read timed out. (read timeout=30)",main_url,news,washingtonpost.com
http://www.washingtonpost.com/wp-dyn/content/article/2007/09/08/AR2007090801654.html?referrer=reddit,False,False,False,,,,"HTTPConnectionPool(host='www.washingtonpost.com', port=80): Read timed out. (read timeout=30)",main_url,news,washingtonpost.com
http://diggindianews.com/TimeKillers/Hungry_pussy/,True,False,False,,,GenericHandler,,main_url,news,diggindianews.com
http://www.cnn.com/2007/TECH/09/07/electric.car.batteries.ap/index.html,False,False,False,,,,404 Client Error: OK for url: https://www.cnn.com/2007/TECH/09/07/electric.car.batteries.ap/index.html,main_url,news,cnn.com
http://www.cnn.com/2007/TECH/09/07/electric.car.batteries.ap/index.html,False,False,False,,,,404 Client Error: OK for url: https://www.cnn.com/2007/TECH/09/07/electric.car.batteries.ap/index.html,main_url,news,cnn.com
http://news.bbc.co.uk/2/hi/science/nature/6982030.stm,True,False,False,,,GenericHandler,,main_url,news,news.bbc.co.uk
"http://www.newsday.com/news/opinion/ny-opdow085363890sep08,0,2133905.story",True,False,True,,"Breaking News, data & opinions in business, sports, entertainment, travel, lifestyle, plus much more. Newsday.com is the leading news source for Long Island & NYC.",GenericHandler,,main_url,news,newsday.com
"http://www.newsday.com/news/opinion/ny-opdow085363890sep08,0,2133905.story",True,False,True,,"Breaking News, data & opinions in business, sports, entertainment, travel, lifestyle, plus much more. Newsday.com is the leading news source for Long Island & NYC.",GenericHandler,,main_url,news,newsday.com
http://www.newsandpolicy.com/news/2007/09/amds-new-chip-barcelona-out-monday-to-compete-agai.html,False,False,False,,,,403 Client Error: Forbidden for url: https://www.domainmarket.com:443/buynow/www.newsandpolicy.com,main_url,news,newsandpolicy.com
http://www.newstarget.com/022019.html,False,False,False,,,,404 Client Error: Not Found for url: https://www.newstarget.com/022019.html,main_url,news,newstarget.com
http://news.yahoo.com/s/livescience/20070906/sc_livescience/adultbraincanstillchange,True,False,True,,The latest news and headlines from Yahoo News. Get breaking news stories and in-depth coverage with videos and photos.,GenericHandler,,comment_url,news,news.yahoo.com
http://news.bbc.co.uk/2/hi/science/nature/6983176.stm,True,False,False,,,GenericHandler,,main_url,news,news.bbc.co.uk
http://news.bbc.co.uk/2/hi/science/nature/6983176.stm,True,False,False,,,GenericHandler,,main_url,news,news.bbc.co.uk
http://news.bbc.co.uk/2/hi/science/nature/6983176.stm,True,False,False,,,GenericHandler,,main_url,news,news.bbc.co.uk
http://news.bbc.co.uk/2/hi/science/nature/6983176.stm,True,False,False,,,GenericHandler,,main_url,news,news.bbc.co.uk
http://news.bbc.co.uk/2/hi/science/nature/6983176.stm,True,False,False,,,GenericHandler,,main_url,news,news.bbc.co.uk
http://news.bbc.co.uk/2/hi/science/nature/6983176.stm,True,False,False,,,GenericHandler,,main_url,news,news.bbc.co.uk
http://news.bbc.co.uk/2/hi/science/nature/6983176.stm,True,False,False,,,GenericHandler,,main_url,news,news.bbc.co.uk
http://news.bbc.co.uk/2/hi/science/nature/6983176.stm,True,False,False,,,GenericHandler,,main_url,news,news.bbc.co.uk
http://news.bbc.co.uk/2/hi/science/nature/6983176.stm,True,False,False,,,GenericHandler,,main_url,news,news.bbc.co.uk
http://news.bbc.co.uk/2/hi/science/nature/6983176.stm,True,False,False,,,GenericHandler,,main_url,news,news.bbc.co.uk
http://www.kidshealth.org/teen/school_jobs/school/dyslexia.html),True,False,True,,"The KidsHealth parents site offers advice on children's health, behavior, and growth —from before birth through the teen years.",GenericHandler,,comment_url,news,news.bbc.co.uk
http://news.bbc.co.uk/2/hi/science/nature/6983176.stm,True,False,False,,,GenericHandler,,main_url,news,news.bbc.co.uk
http://news.bbc.co.uk/2/hi/science/nature/6983176.stm,True,False,False,,,GenericHandler,,main_url,news,news.bbc.co.uk
http://news.bbc.co.uk/2/hi/science/nature/6983176.stm,True,False,False,,,GenericHandler,,main_url,news,news.bbc.co.uk
http://news.bbc.co.uk/2/hi/science/nature/6983176.stm,True,False,False,,,GenericHandler,,main_url,news,news.bbc.co.uk
http://news.bbc.co.uk/2/hi/science/nature/6983176.stm,True,False,False,,,GenericHandler,,main_url,news,news.bbc.co.uk
http://news.bbc.co.uk/2/hi/science/nature/6983176.stm,True,False,False,,,GenericHandler,,main_url,news,news.bbc.co.uk
http://news.bbc.co.uk/2/hi/science/nature/6983176.stm,True,False,False,,,GenericHandler,,main_url,news,news.bbc.co.uk
http://news.bbc.co.uk/2/hi/science/nature/6983176.stm,True,False,False,,,GenericHandler,,main_url,news,news.bbc.co.uk
http://news.bbc.co.uk/2/hi/science/nature/6983176.stm,True,False,False,,,GenericHandler,,main_url,news,news.bbc.co.uk
http://news.bbc.co.uk/2/hi/science/nature/6983176.stm,True,False,False,,,GenericHandler,,main_url,news,news.bbc.co.uk
http://news.bbc.co.uk/2/hi/science/nature/6983176.stm,True,False,False,,,GenericHandler,,main_url,news,news.bbc.co.uk
http://news.bbc.co.uk/2/hi/science/nature/6983176.stm,True,False,False,,,GenericHandler,,main_url,news,news.bbc.co.uk
http://news.bbc.co.uk/2/hi/science/nature/6983176.stm,True,False,False,,,GenericHandler,,main_url,news,news.bbc.co.uk
http://news.bbc.co.uk/2/hi/science/nature/6983176.stm,True,False,False,,,GenericHandler,,main_url,news,news.bbc.co.uk
http://news.bbc.co.uk/2/hi/science/nature/6983176.stm,True,False,False,,,GenericHandler,,main_url,news,news.bbc.co.uk
http://news.bbc.co.uk/2/hi/science/nature/6983176.stm,True,False,False,,,GenericHandler,,main_url,news,news.bbc.co.uk
http://news.bbc.co.uk/2/hi/science/nature/6983176.stm,True,False,False,,,GenericHandler,,main_url,news,news.bbc.co.uk
http://www.kidshealth.org/teen/school_jobs/school/dyslexia.html),True,False,True,,"The KidsHealth parents site offers advice on children's health, behavior, and growth —from before birth through the teen years.",GenericHandler,,comment_url,news,news.bbc.co.uk
http://news.bbc.co.uk/2/hi/science/nature/6983176.stm,True,False,False,,,GenericHandler,,main_url,news,news.bbc.co.uk
http://news.bbc.co.uk/2/hi/science/nature/6983176.stm,True,False,False,,,GenericHandler,,main_url,news,news.bbc.co.uk
http://news.bbc.co.uk/2/hi/science/nature/6983176.stm,True,False,False,,,GenericHandler,,main_url,news,news.bbc.co.uk
http://news.bbc.co.uk/2/hi/science/nature/6983176.stm,True,False,False,,,GenericHandler,,main_url,news,news.bbc.co.uk
http://news.bbc.co.uk/2/hi/science/nature/6983176.stm,True,False,False,,,GenericHandler,,main_url,news,news.bbc.co.uk
http://news.bbc.co.uk/2/hi/science/nature/6983176.stm,True,False,False,,,GenericHandler,,main_url,news,news.bbc.co.uk
http://news.bbc.co.uk/2/hi/science/nature/6983176.stm,True,False,False,,,GenericHandler,,main_url,news,news.bbc.co.uk
http://freakonomics.blogs.nytimes.com/2007/08/30/shrimponomics/,True,False,False,,,GenericHandler,,main_url,news,freakonomics.blogs.nytimes.com
http://www.cnn.com/2007/TECH/space/09/05/skorea.astronaut.ap/index.html?eref=rss_space,False,False,False,,,,404 Client Error: OK for url: https://www.cnn.com/2007/TECH/space/09/05/skorea.astronaut.ap/index.html?eref=rss_space,main_url,news,cnn.com
"http://www.latimes.com/news/local/la-me-madness10sep10,0,4313873.story?track=mostviewed-storylevel",True,False,True,,A respected scholar and USC law professor reveals her journey through the horrors and demons of mental illness. She has schizophrenia.,GenericHandler,,main_url,news,latimes.com
http://www.reuters.com/article/scienceNews/idUSL0793523920070910?feedType=RSS&amp;feedName=scienceNews,False,False,False,,,,401 Client Error: HTTP Forbidden for url: https://www.reuters.com/article/scienceNews/idUSL0793523920070910?feedType=RSS&amp;feedName=scienceNews,main_url,news,reuters.com
http://www.reuters.com/article/scienceNews/idUSL0793523920070910?feedType=RSS&amp;feedName=scienceNews,False,False,False,,,,401 Client Error: HTTP Forbidden for url: https://www.reuters.com/article/scienceNews/idUSL0793523920070910?feedType=RSS&amp;feedName=scienceNews,main_url,news,reuters.com
http://physorg2.newscri.be/link/330515,False,False,False,,,,"HTTPConnectionPool(host='physorg2.newscri.be', port=80): Max retries exceeded with url: /link/330515 (Caused by NewConnectionError('<urllib3.connection.HTTPConnection object at 0x000001DF30E8F370>: Failed to establish a new connection: [Errno 11001] getaddrinfo failed'))",main_url,news,physorg2.newscri.be
http://space.newscientist.com/article.ns?id=mg19526201.900&amp;feedId=space_rss20,False,False,False,,,,"HTTPConnectionPool(host='space.newscientist.com', port=80): Max retries exceeded with url: /article.ns?id=mg19526201.900&amp;feedId=space_rss20 (Caused by NewConnectionError('<urllib3.connection.HTTPConnection object at 0x000001DF30E8ECB0>: Failed to establish a new connection: [Errno 11001] getaddrinfo failed'))",main_url,news,space.newscientist.com
http://www.biomimicrynews.com/Research/Biohybrid_of_elastic_film_and_muscle_cells_packs_a_punch.asp,False,False,False,,,,"HTTPConnectionPool(host='www.biomimicrynews.com', port=80): Max retries exceeded with url: /Research/Biohybrid_of_elastic_film_and_muscle_cells_packs_a_punch.asp (Caused by NewConnectionError('<urllib3.connection.HTTPConnection object at 0x000001DF30E8F040>: Failed to establish a new connection: [Errno 11001] getaddrinfo failed'))",main_url,news,biomimicrynews.com
http://space.newscientist.com/article.ns?id=mg19526204.000&amp;feedId=online-news_rss20,False,False,False,,,,"HTTPConnectionPool(host='space.newscientist.com', port=80): Max retries exceeded with url: /article.ns?id=mg19526204.000&amp;feedId=online-news_rss20 (Caused by NewConnectionError('<urllib3.connection.HTTPConnection object at 0x000001DF30E8FAC0>: Failed to establish a new connection: [Errno 11001] getaddrinfo failed'))",main_url,news,space.newscientist.com
http://news.nationalgeographic.com/news/2007/09/070910-polar-bears.html,True,False,True,,"Explore National Geographic. A world leader in geography, cartography and exploration.",GenericHandler,,main_url,news,news.nationalgeographic.com
http://www.washingtonpost.com/wp-dyn/content/article/2007/09/10/AR2007091001349.html?nav=rss_print/asection,False,False,False,,,,"HTTPConnectionPool(host='www.washingtonpost.com', port=80): Read timed out. (read timeout=30)",main_url,news,washingtonpost.com
http://space.newscientist.com/article.ns?id=dn12622&amp;feedId=online-news_rss20,False,False,False,,,,"HTTPConnectionPool(host='space.newscientist.com', port=80): Max retries exceeded with url: /article.ns?id=dn12622&amp;feedId=online-news_rss20 (Caused by NewConnectionError('<urllib3.connection.HTTPConnection object at 0x000001DF3184B490>: Failed to establish a new connection: [Errno 11001] getaddrinfo failed'))",main_url,news,space.newscientist.com
http://news.bbc.co.uk/2/hi/science/nature/6988339.stm,True,False,False,,,GenericHandler,,main_url,news,news.bbc.co.uk
http://www.abcnews.go.com/Technology/GlobalWarming/story?id=3582433&amp;page=1,True,False,True,,Scientists predict 2007 will break record for lowest amount of sea ice.,GenericHandler,,main_url,news,abcnews.go.com
http://www.reuters.com/article/scienceNews/idUST37250120070911?feedType=RSS&amp;feedName=scienceNews,False,False,False,,,,401 Client Error: HTTP Forbidden for url: https://www.reuters.com/article/scienceNews/idUST37250120070911?feedType=RSS&amp;feedName=scienceNews,main_url,news,reuters.com
http://www.nytimes.com/2007/09/11/science/11eel.html?ex=1347163200&amp;en=df0e06592f03c0e2&amp;ei=5090&amp;partner=rssuserland&amp;emc=rss,True,False,True,,Scientists have discovered a fish that  imitates the extraterrestrial beast of the “Alien” series: it possesses a second set of jaws. ,GenericHandler,,main_url,news,nytimes.com
http://www.reuters.com/article/scienceNews/idUSN1031989120070911?feedType=RSS&amp;feedName=scienceNews,False,False,False,,,,401 Client Error: HTTP Forbidden for url: https://www.reuters.com/article/scienceNews/idUSN1031989120070911?feedType=RSS&amp;feedName=scienceNews,main_url,news,reuters.com
http://www.bloomberg.com/apps/news?pid=20601086&amp;sid=a3B2KZQubqR0&amp;refer=latin_america,True,False,True,,"Bloomberg delivers business and markets news, data, analysis, and video to the world, featuring stories from Businessweek and Bloomberg News on everything pertaining to politics",GenericHandler,,main_url,news,bloomberg.com
http://www.bloomberg.com/apps/news?pid=20601086&amp;sid=a3B2KZQubqR0&amp;refer=latin_america,True,False,True,,"Bloomberg delivers business and markets news, data, analysis, and video to the world, featuring stories from Businessweek and Bloomberg News on everything pertaining to politics",GenericHandler,,main_url,news,bloomberg.com
http://news.bbc.co.uk/2/hi/science/nature/6989247.stm,True,False,False,,,GenericHandler,,main_url,news,news.bbc.co.uk
http://www.reuters.com/article/scienceNews/idUSL116364720070911?feedType=RSS&amp;feedName=scienceNews,False,False,False,,,,401 Client Error: HTTP Forbidden for url: https://www.reuters.com/article/scienceNews/idUSL116364720070911?feedType=RSS&amp;feedName=scienceNews,main_url,news,reuters.com
http://www.newsandpolicy.com/news/2007/09/steve-jobs-icame-isaw-icaved.html,False,False,False,,,,403 Client Error: Forbidden for url: https://www.domainmarket.com:443/buynow/www.newsandpolicy.com,main_url,news,newsandpolicy.com
http://space.newscientist.com/article.ns?id=dn12574&amp;feedId=space_rss20,False,False,False,,,,"HTTPConnectionPool(host='space.newscientist.com', port=80): Max retries exceeded with url: /article.ns?id=dn12574&amp;feedId=space_rss20 (Caused by NewConnectionError('<urllib3.connection.HTTPConnection object at 0x000001DF3142CFD0>: Failed to establish a new connection: [Errno 11001] getaddrinfo failed'))",main_url,news,space.newscientist.com
http://news.webindia123.com/news/articles/Science/20070909/764923.html,False,False,False,,,,404 Client Error: Not Found for url: https://news.webindia123.com/news/articles/Science/20070909/764923.html,main_url,news,news.webindia123.com
http://news.yahoo.com/s/ap/20070911/ap_on_re_us/football_fight,True,False,True,,The latest news and headlines from Yahoo News. Get breaking news stories and in-depth coverage with videos and photos.,GenericHandler,,main_url,news,news.yahoo.com
http://livescience.newscri.be/link/331589,False,False,False,,,,"HTTPConnectionPool(host='livescience.newscri.be', port=80): Max retries exceeded with url: /link/331589 (Caused by NewConnectionError('<urllib3.connection.HTTPConnection object at 0x000001DF31062B30>: Failed to establish a new connection: [Errno 11001] getaddrinfo failed'))",main_url,news,livescience.newscri.be
http://news.bbc.co.uk/2/hi/health/6987889.stm,True,False,False,,,GenericHandler,,main_url,news,news.bbc.co.uk
http://news.bbc.co.uk/2/hi/science/nature/6989908.stm,True,False,False,,,GenericHandler,,main_url,news,news.bbc.co.uk
http://www.mercurynews.com/breakingnews/ci_6864079?source=sb-reddit,False,False,False,,,,404 Client Error: Not Found for url: https://www.mercurynews.com/breakingnews/ci_6864079?source=sb-reddit,main_url,news,mercurynews.com
http://news.bbc.co.uk/2/hi/africa/6990759.stm,True,False,False,,,GenericHandler,,main_url,news,news.bbc.co.uk
http://space.newscientist.com/article/dn12628-can-string-theory-accommodate-inflation.html,False,False,False,,,,"HTTPConnectionPool(host='space.newscientist.com', port=80): Max retries exceeded with url: /article/dn12628-can-string-theory-accommodate-inflation.html (Caused by NewConnectionError('<urllib3.connection.HTTPConnection object at 0x000001DF316EF6A0>: Failed to establish a new connection: [Errno 11001] getaddrinfo failed'))",main_url,news,space.newscientist.com
"http://www.latimes.com/news/nationworld/nation/la-sci-alex12sep12,1,7051719.story?coll=la-headlines-nation",True,False,True,,"The African grey knew more than 100 words, breaking stereotypes about birds. He died of natural causes.",GenericHandler,,main_url,news,latimes.com
http://timesofindia.indiatimes.com/HealthScience/No_more_ice_ages_for_now/articleshow/2357053.cms,True,False,True,,"Science News: Even as the world appears to be bearing the brunt of global warming, environmental experts appear to have found some reasons for cheer.  ",GenericHandler,,main_url,news,timesofindia.indiatimes.com
http://www.nytimes.com/2007/07/10/science/10angi.html?ex=1341720000&amp;en=1a5571a44fa08ad5&amp;ei=5090&amp;partner=rssuserland&amp;emc=rss,True,False,True,,"Humans may have lungs rather than gills but we feel the primal tug of the tide. Consciously or otherwise, we know we’re really all wet.",GenericHandler,,main_url,news,nytimes.com
http://www.nature.com/neuro/journal/vaop/ncurrent/full/nn1979.html),True,False,True,,Browse the archive of articles on Nature Neuroscience,NatureHandler,,comment_url,news,newscientist.com
http://news.bbc.co.uk/2/hi/science/nature/6991030.stm,True,False,False,,,GenericHandler,,main_url,news,news.bbc.co.uk
http://www.cnn.com/2007/TECH/space/09/11/mars.rovers.ap/index.html?eref=rss_tech,False,False,False,,,,404 Client Error: OK for url: https://www.cnn.com/2007/TECH/space/09/11/mars.rovers.ap/index.html?eref=rss_tech,main_url,news,cnn.com
http://news.bbc.co.uk/2/hi/health/4113989.stm,True,False,False,,,GenericHandler,,main_url,news,news.bbc.co.uk
http://en.wikipedia.org/wiki/Fingerprint,True,True,False,10.1016/j.scijus.2015.02.004.,,GenericHandler,,comment_url,news,news.yahoo.com
http://news.yahoo.com/s/nm/20070910/hl_nm/eyesight_nutrients_dc;_ylt=ApMcBU0PJNZ2kj0NTYi1Cf2s0NUE,True,False,True,,The latest news and headlines from Yahoo News. Get breaking news stories and in-depth coverage with videos and photos.,GenericHandler,,main_url,news,news.yahoo.com
http://gigi-news.blogspot.com/2007/09/kilo-prototype-mysteriously-loses.html,False,False,False,,,,404 Client Error: Not Found for url: http://gigi-news.blogspot.com/2007/09/kilo-prototype-mysteriously-loses.html,main_url,news,gigi-news.blogspot.com
http://news.bbc.co.uk/2/hi/health/6987200.stm,True,False,False,,,GenericHandler,,main_url,news,news.bbc.co.uk
http://www.timesonline.co.uk/tol/news/world/article2441570.ece#cid=OTC-RSS&amp;attr=797093,True,False,True,,"The latest UK and world news, business, sport and comment from The Times and The Sunday Times",GenericHandler,,main_url,news,timesonline.co.uk
http://www.cnn.com/2007/US/weather/09/13/humberto/index.html,False,False,False,,,,404 Client Error: OK for url: https://www.cnn.com/2007/US/weather/09/13/humberto/index.html,main_url,news,cnn.com
http://www.nytimes.com/2007/09/13/science/13planet.html?ex=1347336000&amp;en=d6a03367267c0b84&amp;ei=5090&amp;partner=rssuserland&amp;emc=rss,True,False,True,,"There is new hope that Earth, if not the life on it, might survive an apocalypse five billion years from now.",GenericHandler,,main_url,news,nytimes.com
http://www.cnn.com/2007/TECH/science/09/12/shrinking.kilogram.ap/index.html?eref=rss_tech,False,False,False,,,,404 Client Error: OK for url: https://www.cnn.com/2007/TECH/science/09/12/shrinking.kilogram.ap/index.html?eref=rss_tech,main_url,news,cnn.com
http://www.cnn.com/2007/TECH/space/09/10/teacher.astronaut/index.html?eref=rss_space,False,False,False,,,,404 Client Error: OK for url: https://www.cnn.com/2007/TECH/space/09/10/teacher.astronaut/index.html?eref=rss_space,main_url,news,cnn.com
http://news.independent.co.uk/sci_tech/article2953447.ece,False,False,False,,,,503 Server Error: Service Unavailable for url: http://news.independent.co.uk/sci_tech/article2953447.ece,main_url,news,news.independent.co.uk
http://news.independent.co.uk/sci_tech/article2956409.ece,False,False,False,,,,503 Server Error: Service Unavailable for url: http://news.independent.co.uk/sci_tech/article2956409.ece,main_url,news,news.independent.co.uk
http://www.newscientist.com/channel/health/mg19526203.900-lowcost-personal-dna-readings-are-on-the-way.html,True,False,True,,"A limited scan of our genomes may soon be available for as little as $1000, but experts worry that the information will confuse some people",GenericHandler,,main_url,news,newscientist.com
http://news.yahoo.com/s/nm/20070912/sc_nm/planet_redgiant_dc_1;_ylt=AlvMhJ0x67ijplXHn7d6yFCk4LgF,True,False,True,,The latest news and headlines from Yahoo News. Get breaking news stories and in-depth coverage with videos and photos.,GenericHandler,,main_url,news,news.yahoo.com
http://www.reuters.com/article/scienceNews/idUSL1281053120070913?feedType=RSS&amp;feedName=scienceNews,False,False,False,,,,401 Client Error: HTTP Forbidden for url: https://www.reuters.com/article/scienceNews/idUSL1281053120070913?feedType=RSS&amp;feedName=scienceNews,main_url,news,reuters.com
http://www.newscientist.com/blog/technology/2007/09/how-quantum-computer-factorises-numbers.html,False,False,False,,,,410 Client Error: Gone for url: https://www.newscientist.com/blog/technology/2007/09/how-quantum-computer-factorises-numbers.html,main_url,news,newscientist.com
http://www.news.com/Google+to+put+30+million+behind+lunar+robot/2100-11397_3-6207800.html?tag=nefd.lede,True,False,True,,"Get full-length product reviews, the latest news, tech coverage, daily deals, and category deep dives from CNET experts worldwide.",GenericHandler,,main_url,news,news.com
http://news.bbc.co.uk/1/hi/education/6992705.stm,True,False,False,,,GenericHandler,,main_url,news,news.bbc.co.uk
http://seattletimes.nwsource.com/html/localnews/2003882838_webtrout14m.html,True,False,True,,"Local news, sports, business, politics, entertainment, travel, restaurants and opinion for Seattle and the Pacific Northwest.",GenericHandler,,main_url,news,seattletimes.nwsource.com
http://space.newscientist.com/article/dn12646-warm-dark-matter-solves-mystery-of-giant-black-holes.html,False,False,False,,,,"HTTPConnectionPool(host='space.newscientist.com', port=80): Max retries exceeded with url: /article/dn12646-warm-dark-matter-solves-mystery-of-giant-black-holes.html (Caused by NewConnectionError('<urllib3.connection.HTTPConnection object at 0x000001DF3115AD10>: Failed to establish a new connection: [Errno 11001] getaddrinfo failed'))",main_url,news,space.newscientist.com
http://edition.cnn.com/2007/TECH/science/09/12/shrinking.kilogram.ap/index.html,False,False,False,,,,404 Client Error: OK for url: https://edition.cnn.com/2007/TECH/science/09/12/shrinking.kilogram.ap/index.html,main_url,news,edition.cnn.com
http://livescience.newscri.be/link/334423,False,False,False,,,,"HTTPConnectionPool(host='livescience.newscri.be', port=80): Max retries exceeded with url: /link/334423 (Caused by NewConnectionError('<urllib3.connection.HTTPConnection object at 0x000001DF312A8700>: Failed to establish a new connection: [Errno 11001] getaddrinfo failed'))",main_url,news,livescience.newscri.be
http://news.yahoo.com/s/ap/20070914/ap_on_bi_ge/farm_scene_5,True,False,True,,The latest news and headlines from Yahoo News. Get breaking news stories and in-depth coverage with videos and photos.,GenericHandler,,main_url,news,news.yahoo.com
http://aljazeera.newscri.be/link/334511,False,False,False,,,,"HTTPConnectionPool(host='aljazeera.newscri.be', port=80): Max retries exceeded with url: /link/334511 (Caused by NewConnectionError('<urllib3.connection.HTTPConnection object at 0x000001DF3115AB60>: Failed to establish a new connection: [Errno 11001] getaddrinfo failed'))",main_url,news,aljazeera.newscri.be
http://newscientist1.newscri.be/link/334635,False,False,False,,,,"HTTPConnectionPool(host='newscientist1.newscri.be', port=80): Max retries exceeded with url: /link/334635 (Caused by NewConnectionError('<urllib3.connection.HTTPConnection object at 0x000001DF3115B070>: Failed to establish a new connection: [Errno 11001] getaddrinfo failed'))",main_url,news,newscientist1.newscri.be
http://www.ipsnews.net/news.asp?idnews=39270,False,False,False,,,,404 Client Error: Not Found for url: http://www.ipsnews.net/news.asp?idnews=39270,main_url,news,ipsnews.net
"http://www.foxnews.com/story/0,2933,296772,00.html",False,False,False,,,,"404 Client Error: Not Found for url: https://www.foxnews.com/story/0,2933,296772,00.html",main_url,news,foxnews.com
http://www.biomimicrynews.com/research/Scientists_synthesize_memory_in_yeast_cells.asp,False,False,False,,,,"HTTPConnectionPool(host='www.biomimicrynews.com', port=80): Max retries exceeded with url: /research/Scientists_synthesize_memory_in_yeast_cells.asp (Caused by NewConnectionError('<urllib3.connection.HTTPConnection object at 0x000001DF31A464A0>: Failed to establish a new connection: [Errno 11001] getaddrinfo failed'))",main_url,news,biomimicrynews.com
http://www.timesonline.co.uk/tol/news/world/europe/article2436976.ece#cid=OTC-RSS&amp;attr=797093,True,False,True,,"The latest UK and world news, business, sport and comment from The Times and The Sunday Times",GenericHandler,,main_url,news,timesonline.co.uk
http://www.timesonline.co.uk/tol/news/world/asia/article2457311.ece#cid=OTC-RSS&amp;attr=797093,True,False,True,,"The latest UK and world news, business, sport and comment from The Times and The Sunday Times",GenericHandler,,main_url,news,timesonline.co.uk
http://news.yahoo.com/s/nm/20070915/bs_nm/arctic_passage_dc,True,False,True,,The latest news and headlines from Yahoo News. Get breaking news stories and in-depth coverage with videos and photos.,GenericHandler,,main_url,news,news.yahoo.com
http://www.biomimicrynews.com/Research/Scientists_synthesize_memory_in_yeast_cells.asp,False,False,False,,,,"HTTPConnectionPool(host='www.biomimicrynews.com', port=80): Max retries exceeded with url: /Research/Scientists_synthesize_memory_in_yeast_cells.asp (Caused by NewConnectionError('<urllib3.connection.HTTPConnection object at 0x000001DF31657970>: Failed to establish a new connection: [Errno 11001] getaddrinfo failed'))",main_url,news,biomimicrynews.com
http://sciencedaily.newscri.be/link/335213,False,False,False,,,,"HTTPConnectionPool(host='sciencedaily.newscri.be', port=80): Max retries exceeded with url: /link/335213 (Caused by NewConnectionError('<urllib3.connection.HTTPConnection object at 0x000001DF31657970>: Failed to establish a new connection: [Errno 11001] getaddrinfo failed'))",main_url,news,sciencedaily.newscri.be
http://space.newscientist.com/article.ns?id=mg19526215.600&amp;feedId=space_rss20,False,False,False,,,,"HTTPConnectionPool(host='space.newscientist.com', port=80): Max retries exceeded with url: /article.ns?id=mg19526215.600&amp;feedId=space_rss20 (Caused by NewConnectionError('<urllib3.connection.HTTPConnection object at 0x000001DF31657A90>: Failed to establish a new connection: [Errno 11001] getaddrinfo failed'))",main_url,news,space.newscientist.com
http://sciencedaily.newscri.be/link/335229,False,False,False,,,,"HTTPConnectionPool(host='sciencedaily.newscri.be', port=80): Max retries exceeded with url: /link/335229 (Caused by NewConnectionError('<urllib3.connection.HTTPConnection object at 0x000001DF31657A30>: Failed to establish a new connection: [Errno 11001] getaddrinfo failed'))",main_url,news,sciencedaily.newscri.be
http://sciencedaily.newscri.be/link/335379,False,False,False,,,,"HTTPConnectionPool(host='sciencedaily.newscri.be', port=80): Max retries exceeded with url: /link/335379 (Caused by NewConnectionError('<urllib3.connection.HTTPConnection object at 0x000001DF31657B80>: Failed to establish a new connection: [Errno 11001] getaddrinfo failed'))",main_url,news,sciencedaily.newscri.be
http://www.unews.utah.edu/p/?r=091007-1,False,False,False,,,,403 Client Error: Forbidden for url: http://www.unews.utah.edu/p/?r=091007-1,main_url,news,unews.utah.edu
http://www.newsandpolicy.com/news/2007/09/a-window-of-opportunity-for-macs-soon-to-close.html,False,False,False,,,,403 Client Error: Forbidden for url: https://www.domainmarket.com:443/buynow/www.newsandpolicy.com,main_url,news,newsandpolicy.com
http://www.nytimes.com/2007/09/17/world/europe/17carbon.html?ex=1347681600&amp;en=58249c04a6fc1acf&amp;ei=5090&amp;partner=rssuserland&amp;emc=rss,True,False,True,,A donation from a Hungarian company will help the Vatican become the world’s first carbon-neutral state.,GenericHandler,,main_url,news,nytimes.com
http://news.independent.co.uk/sci_tech/article2947395.ece,False,False,False,,,,503 Server Error: Service Unavailable for url: http://news.independent.co.uk/sci_tech/article2947395.ece,main_url,news,news.independent.co.uk
http://www.timesonline.co.uk/tol/news/uk/science/article2469488.ece,True,False,True,,"The latest UK and world news, business, sport and comment from The Times and The Sunday Times",GenericHandler,,main_url,news,timesonline.co.uk
http://livescience.newscri.be/link/336494,False,False,False,,,,"HTTPConnectionPool(host='livescience.newscri.be', port=80): Max retries exceeded with url: /link/336494 (Caused by NewConnectionError('<urllib3.connection.HTTPConnection object at 0x000001DF31273DC0>: Failed to establish a new connection: [Errno 11001] getaddrinfo failed'))",main_url,news,livescience.newscri.be
http://www.sciencenews.org/articles/20070915/bob9.asp,False,False,False,,,,404 Client Error: Not Found for url: https://www.sciencenews.org/articles/20070915/bob9.asp,main_url,news,sciencenews.org
http://in.news.yahoo.com/070916/139/6kt4a.html,True,False,True,,"The search engine that helps you find exactly what you're looking for. Find the most relevant information, video, images, and answers from all across the Web.",GenericHandler,,main_url,news,in.news.yahoo.com
http://environment.newscientist.com/channel/earth/mg19526210.600-can-fertilising-the-ocean-combat-climate-change.html,False,False,False,,,,"HTTPConnectionPool(host='environment.newscientist.com', port=80): Max retries exceeded with url: /channel/earth/mg19526210.600-can-fertilising-the-ocean-combat-climate-change.html (Caused by NewConnectionError('<urllib3.connection.HTTPConnection object at 0x000001DF31D02050>: Failed to establish a new connection: [Errno 11001] getaddrinfo failed'))",main_url,news,environment.newscientist.com
http://physorg3.newscri.be/link/336462,False,False,False,,,,"HTTPConnectionPool(host='physorg3.newscri.be', port=80): Max retries exceeded with url: /link/336462 (Caused by NewConnectionError('<urllib3.connection.HTTPConnection object at 0x000001DF31D02230>: Failed to establish a new connection: [Errno 11001] getaddrinfo failed'))",main_url,news,physorg3.newscri.be
http://www.newscientist.com/article.ns?id=dn12649&amp;feedId=online-news_rss20,False,False,False,,,,410 Client Error: Gone for url: https://www.newscientist.com/article.ns/?amp;feedId=online-news_rss20&id=dn12649,main_url,news,newscientist.com
http://news.yahoo.com/s/afp/20070918/sc_afp/peruhealthoffbeat,True,False,True,,The latest news and headlines from Yahoo News. Get breaking news stories and in-depth coverage with videos and photos.,GenericHandler,,main_url,news,news.yahoo.com
http://news.yahoo.com/s/afp/20070918/sc_afp/peruhealthoffbeat,True,False,True,,The latest news and headlines from Yahoo News. Get breaking news stories and in-depth coverage with videos and photos.,GenericHandler,,main_url,news,news.yahoo.com
http://technology.newscientist.com/article.ns?id=mg19526216.000&amp;feedId=online-news_rss20,False,False,False,,,,"HTTPConnectionPool(host='technology.newscientist.com', port=80): Max retries exceeded with url: /article.ns?id=mg19526216.000&amp;feedId=online-news_rss20 (Caused by NewConnectionError('<urllib3.connection.HTTPConnection object at 0x000001DF31273FA0>: Failed to establish a new connection: [Errno 11001] getaddrinfo failed'))",main_url,news,technology.newscientist.com
http://technology.newscientist.com/article/mg19526216.000-antimatter-molecule-could-lead-to-ultrapowerful-laser.html,False,False,False,,,,"HTTPConnectionPool(host='technology.newscientist.com', port=80): Max retries exceeded with url: /article/mg19526216.000-antimatter-molecule-could-lead-to-ultrapowerful-laser.html (Caused by NewConnectionError('<urllib3.connection.HTTPConnection object at 0x000001DF31270EE0>: Failed to establish a new connection: [Errno 11001] getaddrinfo failed'))",main_url,news,technology.newscientist.com
http://sciencedaily.newscri.be/link/337436,False,False,False,,,,"HTTPConnectionPool(host='sciencedaily.newscri.be', port=80): Max retries exceeded with url: /link/337436 (Caused by NewConnectionError('<urllib3.connection.HTTPConnection object at 0x000001DF31273BB0>: Failed to establish a new connection: [Errno 11001] getaddrinfo failed'))",main_url,news,sciencedaily.newscri.be
http://www.opednews.com/articles/opedne_karen_fi_070918_nostradamus_third_an.htm,True,False,True,,Article: Nostradamus Third Anti Christ Name Revealed by Peru Meteorite Crash - The Peru meteorite crash was the awaited sign of the advent of Nostradamus' third anti Christ. Learn his real name.,GenericHandler,,main_url,news,opednews.com
http://www.newsandpolicy.com/news/2007/09/ibm-launches-ambitious-challenge-against-microsoft.html,False,False,False,,,,403 Client Error: Forbidden for url: https://www.domainmarket.com:443/buynow/www.newsandpolicy.com,main_url,news,newsandpolicy.com
http://www.geotimes.org/current/article.html?id=feature_climate.html,False,False,False,,,,404 Client Error: Not Found for url: http://www.geotimes.org/current/article.html?id=feature_climate.html,main_url,news,geotimes.org
http://importanthealthnews.blogspot.com/2007/09/gall-bladder-removed-without-outer.html,True,False,False,,,GenericHandler,,main_url,news,importanthealthnews.blogspot.com
http://www.cbsnews.com/stories/2007/09/18/eveningnews/main3272647.shtml,False,False,False,,,,404 Client Error: Not Found for url: https://www.cbsnews.com/stories/2007/09/18/eveningnews/main3272647.shtml,main_url,news,cbsnews.com
http://livescience.newscri.be/link/338497,False,False,False,,,,"HTTPConnectionPool(host='livescience.newscri.be', port=80): Max retries exceeded with url: /link/338497 (Caused by NewConnectionError('<urllib3.connection.HTTPConnection object at 0x000001DF312E1DE0>: Failed to establish a new connection: [Errno 11001] getaddrinfo failed'))",main_url,news,livescience.newscri.be
http://news.bbc.co.uk/2/hi/health/7002482.stm,True,False,False,,,GenericHandler,,main_url,news,news.bbc.co.uk
http://query.nytimes.com/gst/fullpage.html?res=9F00E0D7123DF935A25752C0A9679C8B63,True,False,True,,Dr Eleanor R Adair answers questions on the safety of microwave radiation and its potential as a personal heating system; photo (M),GenericHandler,,main_url,news,query.nytimes.com
http://news.bbc.co.uk/1/hi/health/7002887.stm,True,False,False,,,GenericHandler,,main_url,news,news.bbc.co.uk
http://www.socialdailynews.com/2007/09/testicle-stem-cell-harvest-plan/,False,False,False,,,,403 Client Error: Forbidden for url: https://www.hugedomains.com/domain_profile.cfm?d=socialdailynews.com,main_url,news,socialdailynews.com
http://importanthealthnews.blogspot.com/2007/09/pregnancy-for-hiv-positive-women-safer.html,True,False,False,,,GenericHandler,,main_url,news,importanthealthnews.blogspot.com
http://query.nytimes.com/gst/fullpage.html?res=9401E7DC123AF93AA35752C0A9679C8B63,True,False,True,,"Medical experts continue to disagree over health impact of dietary salt; one set of scientists, backed by most of nation's major health organizations, holds cutting back on salt is good for people, whether or not they have high blood pressure; second group holds that there are better tools for controlling blood pressure than salt reduction and that low-salt eating may be harmful to health; sample of diet plan to cut blood pressure; photos (M)",GenericHandler,,main_url,news,query.nytimes.com
http://www.newscientist.com/blog/technology/2007/09/head-mounted-device-is-cats-whiskers.html,False,False,False,,,,410 Client Error: Gone for url: https://www.newscientist.com/blog/technology/2007/09/head-mounted-device-is-cats-whiskers.html,main_url,news,newscientist.com
http://space.newscientist.com/article.ns?id=dn12665,False,False,False,,,,"HTTPConnectionPool(host='space.newscientist.com', port=80): Max retries exceeded with url: /article.ns?id=dn12665 (Caused by NewConnectionError('<urllib3.connection.HTTPConnection object at 0x000001DF31296E00>: Failed to establish a new connection: [Errno 11001] getaddrinfo failed'))",main_url,news,space.newscientist.com
http://www.socialdailynews.com/2007/09/experts-confirm-meteorite-crash-in-peru/,False,False,False,,,,403 Client Error: Forbidden for url: https://www.hugedomains.com/domain_profile.cfm?d=socialdailynews.com,main_url,news,socialdailynews.com
http://www.biomimicrynews.com/research/Engineers_learn_from_the_beetles.asp,False,False,False,,,,"HTTPConnectionPool(host='www.biomimicrynews.com', port=80): Max retries exceeded with url: /research/Engineers_learn_from_the_beetles.asp (Caused by NewConnectionError('<urllib3.connection.HTTPConnection object at 0x000001DF31297550>: Failed to establish a new connection: [Errno 11001] getaddrinfo failed'))",main_url,news,biomimicrynews.com
http://www.nytimes.com/2007/09/20/science/20fossil.html?ex=1347940800&amp;en=7571610249ff7d06&amp;ei=5090&amp;partner=rssuserland&amp;emc=rss,True,False,True,,"The discovery of four fossil skeletons of human ancestors in Georgia, a former Soviet republic, offers a look at a species in transition.",GenericHandler,,main_url,news,nytimes.com
http://space.newscientist.com/article/dn12665-did-the-big-bang-spawn-trillions-of-black-holes.html,False,False,False,,,,"HTTPConnectionPool(host='space.newscientist.com', port=80): Max retries exceeded with url: /article/dn12665-did-the-big-bang-spawn-trillions-of-black-holes.html (Caused by NewConnectionError('<urllib3.connection.HTTPConnection object at 0x000001DF3148B760>: Failed to establish a new connection: [Errno 11001] getaddrinfo failed'))",main_url,news,space.newscientist.com
http://www.newscientist.com/article/mg19526213.900-hiv-sequences-cannot-prove-guilt-.html,True,False,True,,"HIV-infected Britons are increasingly asking for their viral sequences to prove who infected them, but doctors say the technique does not work",GenericHandler,,main_url,news,newscientist.com
http://importanthealthnews.blogspot.com/2007/09/using-testicles-to-fix-brain-heart-and.html,True,False,False,,,GenericHandler,,main_url,news,importanthealthnews.blogspot.com
http://news.yahoo.com/s/nm/20070920/sc_nm/arctic_crops_vault_dc;_ylt=Aveu3OlQIvjneKABVlP6lfoDW7oF,True,False,True,,The latest news and headlines from Yahoo News. Get breaking news stories and in-depth coverage with videos and photos.,GenericHandler,,main_url,news,news.yahoo.com
http://wired2.newscri.be/link/339686,False,False,False,,,,"HTTPConnectionPool(host='wired2.newscri.be', port=80): Max retries exceeded with url: /link/339686 (Caused by NewConnectionError('<urllib3.connection.HTTPConnection object at 0x000001DF313C9900>: Failed to establish a new connection: [Errno 11001] getaddrinfo failed'))",main_url,news,wired2.newscri.be
http://www.newscientist.com/article.ns?id=dn12667&amp;feedId=online-news_rss20,False,False,False,,,,410 Client Error: Gone for url: https://www.newscientist.com/article.ns/?amp;feedId=online-news_rss20&id=dn12667,main_url,news,newscientist.com
"http://www.news.com.au/mercury/story/0,22884,22424857-3462,00.html",False,False,False,,,,"403 Client Error: Forbidden for url: http://www.news.com.au/mercury/story/0,22884,22424857-3462,00.html",main_url,news,news.com.au
http://space.newscientist.com/article.ns?id=dn12665&amp;feedId=space_rss20,False,False,False,,,,"HTTPConnectionPool(host='space.newscientist.com', port=80): Max retries exceeded with url: /article.ns?id=dn12665&amp;feedId=space_rss20 (Caused by NewConnectionError('<urllib3.connection.HTTPConnection object at 0x000001DF313C97E0>: Failed to establish a new connection: [Errno 11001] getaddrinfo failed'))",main_url,news,space.newscientist.com
http://news.bbc.co.uk/2/hi/science/nature/7004525.stm,True,False,False,,,GenericHandler,,main_url,news,news.bbc.co.uk
http://livescience1.newscri.be/link/339835,False,False,False,,,,"HTTPConnectionPool(host='livescience1.newscri.be', port=80): Max retries exceeded with url: /link/339835 (Caused by NewConnectionError('<urllib3.connection.HTTPConnection object at 0x000001DF31848430>: Failed to establish a new connection: [Errno 11001] getaddrinfo failed'))",main_url,news,livescience1.newscri.be
http://www.cnn.com/2007/TECH/science/09/20/feathered.raptor.ap/index.html?eref=rss_latest,False,False,False,,,,404 Client Error: OK for url: https://www.cnn.com/2007/TECH/science/09/20/feathered.raptor.ap/index.html?eref=rss_latest,main_url,news,cnn.com
http://www.nytimes.com/2007/09/21/science/21arctic.html?ei=5088&amp;en=302a745a6859ad28&amp;ex=1348027200&amp;adxnnl=1&amp;partner=rssnyt&amp;emc=rss&amp;adxnnlx=1190339581-ikKWfYPZq7wRfEKXgZsX1Q,True,False,True,,The cap of floating sea ice on the Arctic Ocean this year shrank more than one million square miles below the average minimum area reached in recent decades.,GenericHandler,,main_url,news,nytimes.com
http://space.newscientist.com/article/dn12669-lava-may-have-buried-signs-of-mars-water.html,False,False,False,,,,"HTTPConnectionPool(host='space.newscientist.com', port=80): Max retries exceeded with url: /article/dn12669-lava-may-have-buried-signs-of-mars-water.html (Caused by NewConnectionError('<urllib3.connection.HTTPConnection object at 0x000001DF31849090>: Failed to establish a new connection: [Errno 11001] getaddrinfo failed'))",main_url,news,space.newscientist.com
http://iphonews.ifastnet.com/index.php/2007/09/20/how-many-deserters-has-lost-verizon-after-apple-iphone-release/,False,False,False,,,,"HTTPConnectionPool(host='iphonews.ifastnet.com', port=80): Max retries exceeded with url: /index.php/2007/09/20/how-many-deserters-has-lost-verizon-after-apple-iphone-release/ (Caused by NewConnectionError('<urllib3.connection.HTTPConnection object at 0x000001DF318487C0>: Failed to establish a new connection: [Errno 11001] getaddrinfo failed'))",main_url,news,iphonews.ifastnet.com
http://www.nanitenews.com/Research/Scientists_get_first_look_at_nanotubes_inside_living_animals.asp,True,False,True,,This domain may be for sale!,GenericHandler,,main_url,news,nanitenews.com
http://www.nanitenews.com/Research/Scientists_get_first_look_at_nanotubes_inside_living_animals.asp,True,False,True,,This domain may be for sale!,GenericHandler,,main_url,news,nanitenews.com
http://www.socialdailynews.com/2007/09/baby-dinosaurs-unearthed-in-china/,False,False,False,,,,403 Client Error: Forbidden for url: https://www.hugedomains.com/domain_profile.cfm?d=socialdailynews.com,main_url,news,socialdailynews.com
http://technology.newscientist.com/article/dn12674-selfaware-space-rovers-would-be-speedy-explorers.html,False,False,False,,,,"HTTPConnectionPool(host='technology.newscientist.com', port=80): Max retries exceeded with url: /article/dn12674-selfaware-space-rovers-would-be-speedy-explorers.html (Caused by NewConnectionError('<urllib3.connection.HTTPConnection object at 0x000001DF30C73D30>: Failed to establish a new connection: [Errno 11001] getaddrinfo failed'))",main_url,news,technology.newscientist.com
http://www.reuters.com/article/scienceNews/idUSN2042109920070921?feedType=RSS&amp;feedName=scienceNews,False,False,False,,,,401 Client Error: HTTP Forbidden for url: https://www.reuters.com/article/scienceNews/idUSN2042109920070921?feedType=RSS&amp;feedName=scienceNews,main_url,news,reuters.com
http://technology.newscientist.com/article.ns?id=dn12674&amp;feedId=online-news_rss20,False,False,False,,,,"HTTPConnectionPool(host='technology.newscientist.com', port=80): Max retries exceeded with url: /article.ns?id=dn12674&amp;feedId=online-news_rss20 (Caused by NewConnectionError('<urllib3.connection.HTTPConnection object at 0x000001DF30C73D30>: Failed to establish a new connection: [Errno 11001] getaddrinfo failed'))",main_url,news,technology.newscientist.com
http://www.reuters.com/article/scienceNews/idUSN2138422720070921?feedType=RSS&amp;feedName=scienceNews,False,False,False,,,,401 Client Error: HTTP Forbidden for url: https://www.reuters.com/article/scienceNews/idUSN2138422720070921?feedType=RSS&amp;feedName=scienceNews,main_url,news,reuters.com
http://www.nytimes.com/2007/09/21/science/21arctic.html,True,False,True,,The cap of floating sea ice on the Arctic Ocean this year shrank more than one million square miles below the average minimum area reached in recent decades.,GenericHandler,,main_url,news,nytimes.com
http://www.nytimes.com/2007/09/21/opinion/21lane.html?ref=opinion,True,False,True,,"With so much else to worry about, psychiatry would be wise to give up its fixation on a childhood trait as ordinary as shyness.",GenericHandler,,main_url,news,nytimes.com
http://news.yahoo.com/s/ap/20070921/ap_on_he_me/aids_vaccine_fails,True,False,True,,The latest news and headlines from Yahoo News. Get breaking news stories and in-depth coverage with videos and photos.,GenericHandler,,main_url,news,news.yahoo.com
http://news.xinhuanet.com/english/2007-09/20/content_6759270.htm,False,False,False,,,,404 Client Error: Not Found for url: http://www.xinhuanet.com//english/2007-09/20/content_6759270.htm,main_url,news,news.xinhuanet.com
http://www.cnn.com/2007/TECH/science/09/21/hobbit.wrist.ap/index.html,False,False,False,,,,404 Client Error: OK for url: https://www.cnn.com/2007/TECH/science/09/21/hobbit.wrist.ap/index.html,main_url,news,cnn.com
http://www.geologytimes.com/research/Scientist_tracks_greenland_meltwater.asp,False,False,False,,,,404 Client Error: Not Found for url: https://www.geologytimes.com/research/Scientist_tracks_greenland_meltwater.asp,main_url,news,geologytimes.com
http://news.bbc.co.uk/2/hi/health/7007859.stm,True,False,False,,,GenericHandler,,main_url,news,news.bbc.co.uk
http://www.socialdailynews.com/2007/09/nasa-probe-may-have-found-martian-caves/,False,False,False,,,,403 Client Error: Forbidden for url: https://www.hugedomains.com/domain_profile.cfm?d=socialdailynews.com,main_url,news,socialdailynews.com
http://www.reuters.com/article/scienceNews/idUSN2136996920070921?sp=true,False,False,False,,,,401 Client Error: HTTP Forbidden for url: https://www.reuters.com/article/scienceNews/idUSN2136996920070921?sp=true,main_url,news,reuters.com
http://nationalgeographic.newscri.be/link/341428,False,False,False,,,,"HTTPConnectionPool(host='nationalgeographic.newscri.be', port=80): Max retries exceeded with url: /link/341428 (Caused by NewConnectionError('<urllib3.connection.HTTPConnection object at 0x000001DF30BE37C0>: Failed to establish a new connection: [Errno 11001] getaddrinfo failed'))",main_url,news,nationalgeographic.newscri.be
http://news.yahoo.com/s/livescience/20070922/sc_livescience/bizarregenderbenderbugsbafflescientists;_ylt=Ah0qL0E4e.pfGIuDLDaWdBsDW7oF,True,False,True,,The latest news and headlines from Yahoo News. Get breaking news stories and in-depth coverage with videos and photos.,GenericHandler,,main_url,news,news.yahoo.com
http://news.yahoo.com/s/nm/20070921/sc_nm/mars_caves_dc,True,False,True,,The latest news and headlines from Yahoo News. Get breaking news stories and in-depth coverage with videos and photos.,GenericHandler,,main_url,news,news.yahoo.com
http://www.washingtonpost.com/wp-dyn/content/article/2007/09/08/AR2007090801654.html,False,False,False,,,,"HTTPConnectionPool(host='www.washingtonpost.com', port=80): Read timed out. (read timeout=30)",main_url,news,washingtonpost.com
http://www.socialdailynews.com/2007/09/world-leaders-at-climate-summit/,False,False,False,,,,403 Client Error: Forbidden for url: https://www.hugedomains.com/domain_profile.cfm?d=socialdailynews.com,main_url,news,socialdailynews.com
"http://www.latimes.com/business/la-fi-books23sep23,1,4264373.story?coll=la-headlines-business&amp;ctrack=1&amp;cset=true",True,False,True,,The science of innovation,GenericHandler,,main_url,news,latimes.com
http://www.washingtonpost.com/wp-dyn/content/article/2007/09/23/AR2007092300770_2.html?nav=rss_print/asection,False,False,False,,,,"HTTPConnectionPool(host='www.washingtonpost.com', port=80): Read timed out. (read timeout=30)",main_url,news,washingtonpost.com
http://news.bbc.co.uk/1/hi/health/7009927.stm,True,False,False,,,GenericHandler,,main_url,news,news.bbc.co.uk
http://environment.newscientist.com/article.ns?id=dn12677&amp;feedId=online-news_rss20,False,False,False,,,,"HTTPConnectionPool(host='environment.newscientist.com', port=80): Max retries exceeded with url: /article.ns?id=dn12677&amp;feedId=online-news_rss20 (Caused by NewConnectionError('<urllib3.connection.HTTPConnection object at 0x000001DF31A75810>: Failed to establish a new connection: [Errno 11001] getaddrinfo failed'))",main_url,news,environment.newscientist.com
http://www.reuters.com/article/scienceNews/idUSL2141243620070924?feedType=RSS&amp;feedName=scienceNews,False,False,False,,,,401 Client Error: HTTP Forbidden for url: https://www.reuters.com/article/scienceNews/idUSL2141243620070924?feedType=RSS&amp;feedName=scienceNews,main_url,news,reuters.com
http://www.newscientist.com/blog/space/2007/09/is-there-human-link-to-dark-energy.html,False,False,False,,,,410 Client Error: Gone for url: https://www.newscientist.com/blog/space/2007/09/is-there-human-link-to-dark-energy.html,main_url,news,newscientist.com
http://sciencedaily.newscri.be/link/342418,False,False,False,,,,"HTTPConnectionPool(host='sciencedaily.newscri.be', port=80): Max retries exceeded with url: /link/342418 (Caused by NewConnectionError('<urllib3.connection.HTTPConnection object at 0x000001DF31A75A50>: Failed to establish a new connection: [Errno 11001] getaddrinfo failed'))",main_url,news,sciencedaily.newscri.be
http://www.nytimes.com/2007/09/23/books/review/Saletan-t.html?_r=2&amp;ref=science&amp;oref=slogin&amp;oref=slogin,True,False,True,,Steven Pinker brings his theory of human nature and his obsession with words together in one book.,GenericHandler,,main_url,news,nytimes.com
http://news.nationalgeographic.com/news/2007/09/070921-meteor-peru.html,True,False,True,,"Explore National Geographic. A world leader in geography, cartography and exploration.",GenericHandler,,main_url,news,news.nationalgeographic.com
http://news.nationalgeographic.com/news/2007/09/070921-meteor-peru.html,True,False,True,,"Explore National Geographic. A world leader in geography, cartography and exploration.",GenericHandler,,main_url,news,news.nationalgeographic.com
http://news.nationalgeographic.com/news/2007/09/070921-arctic-russia.html,True,False,True,,"Explore National Geographic. A world leader in geography, cartography and exploration.",GenericHandler,,main_url,news,news.nationalgeographic.com
http://space.newscientist.com/article.ns?id=dn12683&amp;feedId=space_rss20,False,False,False,,,,"HTTPConnectionPool(host='space.newscientist.com', port=80): Max retries exceeded with url: /article.ns?id=dn12683&amp;feedId=space_rss20 (Caused by NewConnectionError('<urllib3.connection.HTTPConnection object at 0x000001DF30F37DF0>: Failed to establish a new connection: [Errno 11001] getaddrinfo failed'))",main_url,news,space.newscientist.com
http://www.geologytimes.com/research/Scientists_to_forecast_and_respond_to_human_health_effects_of_climate_change.asp,False,False,False,,,,404 Client Error: Not Found for url: https://www.geologytimes.com/research/Scientists_to_forecast_and_respond_to_human_health_effects_of_climate_change.asp,main_url,news,geologytimes.com
http://www.nytimes.com/2007/09/25/science/space/25cosm.html,True,False,True,,"It has been 35 years since anybody was on the Moon, or more than 300 miles from Earth, for that matter. What happened to the so-called space age?",GenericHandler,,main_url,news,nytimes.com
http://news.yahoo.com/s/ap/20070924/ap_on_sc/germs_in_space,True,False,True,,The latest news and headlines from Yahoo News. Get breaking news stories and in-depth coverage with videos and photos.,GenericHandler,,main_url,news,news.yahoo.com
http://www.timesonline.co.uk/tol/news/uk/science/article2525044.ece,True,False,True,,"The latest UK and world news, business, sport and comment from The Times and The Sunday Times",GenericHandler,,main_url,news,timesonline.co.uk
http://www.forteantimes.com/blogs/editorial-blogs/news/964731/scientists-create-transparent-frog.thtml,False,False,False,,,,404 Client Error: Not Found for url: https://subscribe.forteantimes.com/blogs/editorial-blogs/news/964731/scientists-create-transparent-frog.thtml,main_url,news,forteantimes.com
http://www.forteantimes.com/blogs/editorial-blogs/news/964731/scientists-create-transparent-frog.thtml,False,False,False,,,,404 Client Error: Not Found for url: https://subscribe.forteantimes.com/blogs/editorial-blogs/news/964731/scientists-create-transparent-frog.thtml,main_url,news,forteantimes.com
http://news.yahoo.com/s/nm/20070925/ts_nm/obesity_children_usa_dc,True,False,True,,The latest news and headlines from Yahoo News. Get breaking news stories and in-depth coverage with videos and photos.,GenericHandler,,main_url,news,news.yahoo.com
http://news.bbc.co.uk/2/hi/science/nature/7011828.stm,True,False,False,,,GenericHandler,,main_url,news,news.bbc.co.uk
http://www.nytimes.com/aponline/us/AP-Germs-in-Space.html?_r=2&amp;oref=slogin&amp;oref=slogin,False,False,False,,,,404 Client Error: Not Found for url: https://www.nytimes.com/aponline/us/AP-Germs-in-Space.html?_r=2&amp;oref=slogin&amp;oref=slogin,main_url,news,nytimes.com
http://newscientist1.newscri.be/link/343666,False,False,False,,,,"HTTPConnectionPool(host='newscientist1.newscri.be', port=80): Max retries exceeded with url: /link/343666 (Caused by NewConnectionError('<urllib3.connection.HTTPConnection object at 0x000001DF31996800>: Failed to establish a new connection: [Errno 11001] getaddrinfo failed'))",main_url,news,newscientist1.newscri.be
http://thelede.blogs.nytimes.com/2007/09/25/a-new-reason-to-fear-space-germs/index.html?hp,True,False,True,,NASA grows super salmonella in space.,GenericHandler,,main_url,news,thelede.blogs.nytimes.com
http://technology.newscientist.com/article/dn12668-tripedal-robot-swings-itself-into-action.html,False,False,False,,,,"HTTPConnectionPool(host='technology.newscientist.com', port=80): Max retries exceeded with url: /article/dn12668-tripedal-robot-swings-itself-into-action.html (Caused by NewConnectionError('<urllib3.connection.HTTPConnection object at 0x000001DF31995E70>: Failed to establish a new connection: [Errno 11001] getaddrinfo failed'))",main_url,news,technology.newscientist.com
http://www.unknownnews.org/070924a-DrRuhs.html,True,False,False,,,GenericHandler,,main_url,news,unknownnews.org
http://www.newscientist.com/article.ns?id=dn12690&amp;feedId=online-news_rss20,False,False,False,,,,410 Client Error: Gone for url: https://www.newscientist.com/article.ns/?amp;feedId=online-news_rss20&id=dn12690,main_url,news,newscientist.com
http://www.genengnews.com/articles/chitem.aspx?aid=2183&amp;chid=1,False,False,False,,,,403 Client Error: Forbidden for url: http://www.genengnews.com/articles/chitem.aspx,main_url,news,genengnews.com
http://space.newscientist.com/article.ns?id=dn12679&amp;feedId=space_rss20,False,False,False,,,,"HTTPConnectionPool(host='space.newscientist.com', port=80): Max retries exceeded with url: /article.ns?id=dn12679&amp;feedId=space_rss20 (Caused by NewConnectionError('<urllib3.connection.HTTPConnection object at 0x000001DF31061D80>: Failed to establish a new connection: [Errno 11001] getaddrinfo failed'))",main_url,news,space.newscientist.com
http://space.newscientist.com/article.ns?id=dn12693&amp;feedId=space_rss20,False,False,False,,,,"HTTPConnectionPool(host='space.newscientist.com', port=80): Max retries exceeded with url: /article.ns?id=dn12693&amp;feedId=space_rss20 (Caused by NewConnectionError('<urllib3.connection.HTTPConnection object at 0x000001DF31063B50>: Failed to establish a new connection: [Errno 11001] getaddrinfo failed'))",main_url,news,space.newscientist.com
http://news.bbc.co.uk/2/hi/science/nature/7013136.stm,True,False,False,,,GenericHandler,,main_url,news,news.bbc.co.uk
http://sciencedaily1.newscri.be/link/344161,False,False,False,,,,"HTTPConnectionPool(host='sciencedaily1.newscri.be', port=80): Max retries exceeded with url: /link/344161 (Caused by NewConnectionError('<urllib3.connection.HTTPConnection object at 0x000001DF31DCA170>: Failed to establish a new connection: [Errno 11001] getaddrinfo failed'))",main_url,news,sciencedaily1.newscri.be
http://news.bbc.co.uk/1/hi/world/asia-pacific/7013587.stm,True,False,False,,,GenericHandler,,main_url,news,news.bbc.co.uk
http://www.reuters.com/article/scienceNews/idUSL2593486320070926?feedType=RSS&amp;feedName=scienceNews,False,False,False,,,,401 Client Error: HTTP Forbidden for url: https://www.reuters.com/article/scienceNews/idUSL2593486320070926?feedType=RSS&amp;feedName=scienceNews,main_url,news,reuters.com
http://space.newscientist.com/article.ns?id=dn12685&amp;print=true,False,False,False,,,,"HTTPConnectionPool(host='space.newscientist.com', port=80): Max retries exceeded with url: /article.ns?id=dn12685&amp;print=true (Caused by NewConnectionError('<urllib3.connection.HTTPConnection object at 0x000001DF31DC8910>: Failed to establish a new connection: [Errno 11001] getaddrinfo failed'))",main_url,news,space.newscientist.com
http://technology.newscientist.com/article/dn12691-robot-dogs-race-to-be-soldiers-best-friend.html,False,False,False,,,,"HTTPConnectionPool(host='technology.newscientist.com', port=80): Max retries exceeded with url: /article/dn12691-robot-dogs-race-to-be-soldiers-best-friend.html (Caused by NewConnectionError('<urllib3.connection.HTTPConnection object at 0x000001DF31DCB760>: Failed to establish a new connection: [Errno 11001] getaddrinfo failed'))",main_url,news,technology.newscientist.com
http://space.newscientist.com/article/dn12694-odd-object-blurs-line-between-comets-and-asteroids.html,False,False,False,,,,"HTTPConnectionPool(host='space.newscientist.com', port=80): Max retries exceeded with url: /article/dn12694-odd-object-blurs-line-between-comets-and-asteroids.html (Caused by NewConnectionError('<urllib3.connection.HTTPConnection object at 0x000001DF31DCA260>: Failed to establish a new connection: [Errno 11001] getaddrinfo failed'))",main_url,news,space.newscientist.com
http://technology.newscientist.com/article/dn12688-diy-lab-scanner-made-from-standard-cd-drive.html,False,False,False,,,,"HTTPConnectionPool(host='technology.newscientist.com', port=80): Max retries exceeded with url: /article/dn12688-diy-lab-scanner-made-from-standard-cd-drive.html (Caused by NewConnectionError('<urllib3.connection.HTTPConnection object at 0x000001DF31DCBC40>: Failed to establish a new connection: [Errno 11001] getaddrinfo failed'))",main_url,news,technology.newscientist.com
http://www.nytimes.com/2007/09/16/books/review/Plotz-t.html?_r=2&amp;oref=slogin&amp;oref=slogin,True,False,True,,"A former professor of Hebrew backs modern scholarship, disdains fundamentalism and holds on to God.",GenericHandler,,main_url,news,nytimes.com
http://www.cnn.com/2007/TECH/space/09/26/dawn.mission.ap/index.html,False,False,False,,,,404 Client Error: OK for url: https://www.cnn.com/2007/TECH/space/09/26/dawn.mission.ap/index.html,main_url,news,cnn.com
http://www.nytimes.com/2007/09/25/science/space/25pop.html?ex=1348372800&amp;en=6cef3860511ac993&amp;ei=5089&amp;partner=rssyahoo&amp;emc=rss,True,False,True,,"The space age launched more than satellites and spaceships, it launched a trend that changed pop culture forever.",GenericHandler,,main_url,news,nytimes.com
http://www.reuters.com/article/environmentNews/idUSL2692255820070926?feedType=RSS&amp;feedName=environmentNews,False,False,False,,,,401 Client Error: HTTP Forbidden for url: https://www.reuters.com/article/environmentNews/idUSL2692255820070926?feedType=RSS&amp;feedName=environmentNews,main_url,news,reuters.com
http://space.newscientist.com/article/dn12693-earths-water-brewed-at-home-not-in-space.html,False,False,False,,,,"HTTPConnectionPool(host='space.newscientist.com', port=80): Max retries exceeded with url: /article/dn12693-earths-water-brewed-at-home-not-in-space.html (Caused by NewConnectionError('<urllib3.connection.HTTPConnection object at 0x000001DF31342590>: Failed to establish a new connection: [Errno 11001] getaddrinfo failed'))",main_url,news,space.newscientist.com
http://news.yahoo.com/s/nm/20070926/sc_nm/climate_pipes_dc_1,True,False,True,,The latest news and headlines from Yahoo News. Get breaking news stories and in-depth coverage with videos and photos.,GenericHandler,,main_url,news,news.yahoo.com
http://www.cnn.com/2007/LIVING/wayoflife/09/24/fat.pets/index.html#cnnSTCText,False,False,False,,,,404 Client Error: OK for url: https://www.cnn.com/2007/LIVING/wayoflife/09/24/fat.pets/index.html#cnnSTCText,main_url,news,cnn.com
http://www.nytimes.com/2007/09/26/business/26leonhardt.html?ex=1348459200&amp;en=08b7d46f99cea4fd&amp;ei=5088&amp;partner=rssnyt&amp;emc=rss,True,False,True,,Two new research papers offer evidence that there is  a growing happiness gap between men and women.,GenericHandler,,main_url,news,nytimes.com
http://environment.newscientist.com/article/dn12698-vertical-ocean-pipes-could-counter-global-warming.html,False,False,False,,,,"HTTPConnectionPool(host='environment.newscientist.com', port=80): Max retries exceeded with url: /article/dn12698-vertical-ocean-pipes-could-counter-global-warming.html (Caused by NewConnectionError('<urllib3.connection.HTTPConnection object at 0x000001DF31F7CAC0>: Failed to establish a new connection: [Errno 11001] getaddrinfo failed'))",main_url,news,environment.newscientist.com
http://www.reuters.com/article/technologyNews/idUSN2628254020070926?feedType=RSS&amp;feedName=technologyNews,False,False,False,,,,401 Client Error: HTTP Forbidden for url: https://www.reuters.com/article/technologyNews/idUSN2628254020070926?feedType=RSS&amp;feedName=technologyNews,main_url,news,reuters.com
http://space.newscientist.com/article/dn12685-scifi-model-worlds-aid-planet-classification.html,False,False,False,,,,"HTTPConnectionPool(host='space.newscientist.com', port=80): Max retries exceeded with url: /article/dn12685-scifi-model-worlds-aid-planet-classification.html (Caused by NewConnectionError('<urllib3.connection.HTTPConnection object at 0x000001DF31F7C250>: Failed to establish a new connection: [Errno 11001] getaddrinfo failed'))",main_url,news,space.newscientist.com
http://www.timesonline.co.uk/tol/news/world/article2540103.ece,True,False,True,,"The latest UK and world news, business, sport and comment from The Times and The Sunday Times",GenericHandler,,main_url,news,timesonline.co.uk
http://www.newscientist.com/blog/invention/2007/09/wide-angled-gigapixel-satellite.html,False,False,False,,,,410 Client Error: Gone for url: https://www.newscientist.com/blog/invention/2007/09/wide-angled-gigapixel-satellite.html,main_url,news,newscientist.com
http://news.yahoo.com/s/ap/20070927/ap_on_re_us/escaped_gorilla;_ylt=AqQYdgcRprwyAOksWksdKIkPLBIF,True,False,True,,The latest news and headlines from Yahoo News. Get breaking news stories and in-depth coverage with videos and photos.,GenericHandler,,main_url,news,news.yahoo.com
http://entertainment.timesonline.co.uk/tol/arts_and_entertainment/books/article2538281.ece,True,False,True,,"A weekly journal for literature and ideas. We publish book reviews, book extracts, essays and poems by leading writers from around the world. Each week, we also review the latest in fiction, film, opera, theatre, dance, radio and television.",GenericHandler,,main_url,news,entertainment.timesonline.co.uk
http://www.reuters.com/article/scienceNews/idUSN2627332920070926?feedType=RSS&amp;feedName=scienceNews,False,False,False,,,,401 Client Error: HTTP Forbidden for url: https://www.reuters.com/article/scienceNews/idUSN2627332920070926?feedType=RSS&amp;feedName=scienceNews,main_url,news,reuters.com
http://www.cnn.com/2007/TECH/space/09/26/space.mail.ap/index.html?eref=rss_tech,False,False,False,,,,404 Client Error: OK for url: https://www.cnn.com/2007/TECH/space/09/26/space.mail.ap/index.html?eref=rss_tech,main_url,news,cnn.com
http://www.nytimes.com/2007/09/27/science/27expelled.html?ref=science,True,False,True,,A group of scientists are upset about their inclusion in a film that makes the case for intelligent design.,GenericHandler,,main_url,news,nytimes.com
http://www.newscientist.com/article.ns?id=dn12301,False,False,False,,,,410 Client Error: Gone for url: https://www.newscientist.com/article.ns/?id=dn12301,main_url,news,newscientist.com
http://www.newscientist.com/article.ns?id=dn12301,False,False,False,,,,410 Client Error: Gone for url: https://www.newscientist.com/article.ns/?id=dn12301,main_url,news,newscientist.com
http://www.news-medical.net/?id=19237,True,False,True,,"A common parasite found in cats may be affecting human behavior on a mass scale, according to a scientist based at the University of California, Santa Barbara.",GenericHandler,,main_url,news,news-medical.net
http://www.nytimes.com/2007/09/27/science/27expelled.html?_r=1&amp;ref=todayspaper&amp;oref=slogin,True,False,True,,A group of scientists are upset about their inclusion in a film that makes the case for intelligent design.,GenericHandler,,main_url,news,nytimes.com
http://physorg4.newscri.be/link/345547,False,False,False,,,,"HTTPConnectionPool(host='physorg4.newscri.be', port=80): Max retries exceeded with url: /link/345547 (Caused by NewConnectionError('<urllib3.connection.HTTPConnection object at 0x000001DF3103AE90>: Failed to establish a new connection: [Errno 11001] getaddrinfo failed'))",main_url,news,physorg4.newscri.be
http://space.newscientist.com/article/dn12699-extragalactic-radio-burst-puzzles-astronomers.html,False,False,False,,,,"HTTPConnectionPool(host='space.newscientist.com', port=80): Max retries exceeded with url: /article/dn12699-extragalactic-radio-burst-puzzles-astronomers.html (Caused by NewConnectionError('<urllib3.connection.HTTPConnection object at 0x000001DF3103BCD0>: Failed to establish a new connection: [Errno 11001] getaddrinfo failed'))",main_url,news,space.newscientist.com
http://space.newscientist.com/article.ns?id=dn12699&amp;feedId=online-news_rss20,False,False,False,,,,"HTTPConnectionPool(host='space.newscientist.com', port=80): Max retries exceeded with url: /article.ns?id=dn12699&amp;feedId=online-news_rss20 (Caused by NewConnectionError('<urllib3.connection.HTTPConnection object at 0x000001DF31039510>: Failed to establish a new connection: [Errno 11001] getaddrinfo failed'))",main_url,news,space.newscientist.com
http://www.biomimicrynews.com/research/Engineered_Eggshells_To_Help_Make_Hydrogen_Fuel.asp,False,False,False,,,,"HTTPConnectionPool(host='www.biomimicrynews.com', port=80): Max retries exceeded with url: /research/Engineered_Eggshells_To_Help_Make_Hydrogen_Fuel.asp (Caused by NewConnectionError('<urllib3.connection.HTTPConnection object at 0x000001DF31038D60>: Failed to establish a new connection: [Errno 11001] getaddrinfo failed'))",main_url,news,biomimicrynews.com
http://newswise.newscri.be/link/345952,False,False,False,,,,"HTTPConnectionPool(host='newswise.newscri.be', port=80): Max retries exceeded with url: /link/345952 (Caused by NewConnectionError('<urllib3.connection.HTTPConnection object at 0x000001DF31038FA0>: Failed to establish a new connection: [Errno 11001] getaddrinfo failed'))",main_url,news,newswise.newscri.be
http://nationalgeographic.newscri.be/link/346033,False,False,False,,,,"HTTPConnectionPool(host='nationalgeographic.newscri.be', port=80): Max retries exceeded with url: /link/346033 (Caused by NewConnectionError('<urllib3.connection.HTTPConnection object at 0x000001DF31039120>: Failed to establish a new connection: [Errno 11001] getaddrinfo failed'))",main_url,news,nationalgeographic.newscri.be
http://www.newscientist.com/channel/sex/mg19526234.000-flirting-makes-up-for-antisocial-tendencies.html,True,False,True,,"How do antisocial men manage to attract women? It seems that a little smiling, eyebrow raising and nodding works wonders",GenericHandler,,main_url,news,newscientist.com
http://www.timesonline.co.uk/tol/news/uk/science/article2547775.ece,True,False,True,,"The latest UK and world news, business, sport and comment from The Times and The Sunday Times",GenericHandler,,main_url,news,timesonline.co.uk
http://space.newscientist.com/article/dn9943,False,False,False,,,,"HTTPConnectionPool(host='space.newscientist.com', port=80): Max retries exceeded with url: /article/dn9943 (Caused by NewConnectionError('<urllib3.connection.HTTPConnection object at 0x000001DF31311630>: Failed to establish a new connection: [Errno 11001] getaddrinfo failed'))",main_url,news,space.newscientist.com
http://technology.newscientist.com/article.ns?id=dn12701,False,False,False,,,,"HTTPConnectionPool(host='technology.newscientist.com', port=80): Max retries exceeded with url: /article.ns?id=dn12701 (Caused by NewConnectionError('<urllib3.connection.HTTPConnection object at 0x000001DF30E05F30>: Failed to establish a new connection: [Errno 11001] getaddrinfo failed'))",main_url,news,technology.newscientist.com
http://news.nationalgeographic.com/news/2007/09/photogalleries/science-pictures/index.html,True,False,True,,"Explore National Geographic. A world leader in geography, cartography and exploration.",GenericHandler,,main_url,news,news.nationalgeographic.com
http://www.newscientist.com/article.ns?id=mg19526233.800&amp;feedId=online-news_rss20,False,False,False,,,,410 Client Error: Gone for url: https://www.newscientist.com/article.ns/?amp;feedId=online-news_rss20&id=mg19526233.800,main_url,news,newscientist.com
http://technology.newscientist.com/article/dn12701,False,False,False,,,,"HTTPConnectionPool(host='technology.newscientist.com', port=80): Max retries exceeded with url: /article/dn12701 (Caused by NewConnectionError('<urllib3.connection.HTTPConnection object at 0x000001DF30E04DC0>: Failed to establish a new connection: [Errno 11001] getaddrinfo failed'))",main_url,news,technology.newscientist.com
http://today.reuters.com/news/articlenews.aspx?type=scienceNews&amp;storyid=2007-09-27T212009Z_01_N27418001_RTRUKOC_0_US-SPACE-BURST.xml,False,False,False,,,,401 Client Error: HTTP Forbidden for url: https://www.reuters.com/news/articlenews.aspx?type=scienceNews&amp;storyid=2007-09-27T212009Z_01_N27418001_RTRUKOC_0_US-SPACE-BURST.xml,main_url,news,today.reuters.com
http://today.reuters.com/news/articlenews.aspx?type=scienceNews&amp;storyID=2007-09-27T215115Z_01_N27418001_RTRUKOC_0_US-SPACE-BURST.xml,False,False,False,,,,401 Client Error: HTTP Forbidden for url: https://www.reuters.com/news/articlenews.aspx?type=scienceNews&amp;storyID=2007-09-27T215115Z_01_N27418001_RTRUKOC_0_US-SPACE-BURST.xml,main_url,news,today.reuters.com
http://milifemitimes.com/content/view/145/76/,False,False,False,,,,"HTTPConnectionPool(host='milifemitimes.com', port=80): Max retries exceeded with url: /content/view/145/76/ (Caused by NewConnectionError('<urllib3.connection.HTTPConnection object at 0x000001DF30E047F0>: Failed to establish a new connection: [Errno 11001] getaddrinfo failed'))",main_url,news,milifemitimes.com
http://milifemitimes.com/content/view/145/76/,False,False,False,,,,"HTTPConnectionPool(host='milifemitimes.com', port=80): Max retries exceeded with url: /content/view/145/76/ (Caused by NewConnectionError('<urllib3.connection.HTTPConnection object at 0x000001DF312A8070>: Failed to establish a new connection: [Errno 11001] getaddrinfo failed'))",main_url,news,milifemitimes.com
http://milifemitimes.com/content/view/145/76/,False,False,False,,,,"HTTPConnectionPool(host='milifemitimes.com', port=80): Max retries exceeded with url: /content/view/145/76/ (Caused by NewConnectionError('<urllib3.connection.HTTPConnection object at 0x000001DF312ABA00>: Failed to establish a new connection: [Errno 11001] getaddrinfo failed'))",main_url,news,milifemitimes.com
http://milifemitimes.com/content/view/145/76/,False,False,False,,,,"HTTPConnectionPool(host='milifemitimes.com', port=80): Max retries exceeded with url: /content/view/145/76/ (Caused by NewConnectionError('<urllib3.connection.HTTPConnection object at 0x000001DF312AAB60>: Failed to establish a new connection: [Errno 11001] getaddrinfo failed'))",main_url,news,milifemitimes.com
http://www.newstarget.com/022074.html,False,False,False,,,,404 Client Error: Not Found for url: https://www.newstarget.com/022074.html,main_url,news,newstarget.com
http://www.news.harvard.edu/gazette/2007/09.27/99-longdiet.html,False,False,False,,,,404 Client Error: Not Found for url: https://news.harvard.edu/gazette/2007/09.27/99-longdiet.html,main_url,news,news.harvard.edu
http://news.yahoo.com/s/ap/20070928/ap_on_he_me/killer_amoeba;_ylt=AkhjTNU3guTM14.DecMZL6ms0NUE,True,False,True,,The latest news and headlines from Yahoo News. Get breaking news stories and in-depth coverage with videos and photos.,GenericHandler,,main_url,news,news.yahoo.com
http://www.timesonline.co.uk/tol/news/world/us_and_americas/article2547644.ece,True,False,True,,"The latest UK and world news, business, sport and comment from The Times and The Sunday Times",GenericHandler,,main_url,news,timesonline.co.uk
"http://news.sky.com/skynews/article/0,,30200-1286323,00.html?f=rss",True,False,True,,"Sky News delivers breaking news, headlines and top stories from business, politics, entertainment and more in the UK and worldwide.",GenericHandler,,main_url,news,news.sky.com
http://news.yahoo.com/s/ap/20070929/ap_on_re_la_am_ca/dengue_epidemic,True,False,True,,The latest news and headlines from Yahoo News. Get breaking news stories and in-depth coverage with videos and photos.,GenericHandler,,main_url,news,news.yahoo.com
http://space.newscientist.com/article.ns?id=dn12704&amp;feedId=space_rss20,False,False,False,,,,"HTTPConnectionPool(host='space.newscientist.com', port=80): Max retries exceeded with url: /article.ns?id=dn12704&amp;feedId=space_rss20 (Caused by NewConnectionError('<urllib3.connection.HTTPConnection object at 0x000001DF31274670>: Failed to establish a new connection: [Errno 11001] getaddrinfo failed'))",main_url,news,space.newscientist.com
"http://www.foxnews.com/story/0,2933,298499,00.html",False,False,False,,,,"404 Client Error: Not Found for url: https://www.foxnews.com/story/0,2933,298499,00.html",main_url,news,foxnews.com
http://www.news.harvard.edu/gazette/2007/09.27/01-gods.html,False,False,False,,,,404 Client Error: Not Found for url: https://news.harvard.edu/gazette/2007/09.27/01-gods.html,main_url,news,news.harvard.edu
http://www.news.harvard.edu/gazette/2007/09.27/01-gods.html,False,False,False,,,,404 Client Error: Not Found for url: https://news.harvard.edu/gazette/2007/09.27/01-gods.html,main_url,news,news.harvard.edu
http://www.nytimes.com/2007/09/26/business/26leonhardt.html?_r=1&amp;oref=slogin,True,False,True,,Two new research papers offer evidence that there is  a growing happiness gap between men and women.,GenericHandler,,main_url,news,nytimes.com
http://www.reuters.com/article/environmentNews/idUSL2815198120070928,False,False,False,,,,401 Client Error: HTTP Forbidden for url: https://www.reuters.com/article/environmentNews/idUSL2815198120070928,main_url,news,reuters.com
